Product URL,Product Name,Product Price,Rating,Number of reviews
http://amazon.in/Skybags-Brat-Black-Casual-Backpack/dp/B08Z1HHHTD/ref=ice_ac_b_dpb?crid=2M096C61O4MLT&keywords=bags&qid=1679429943&sprefix=ba%2Caps%2C283&sr=8-4,Skybags Brat Black 46 Cms Casual Backpack,659,4.1,"3,778"
http://amazon.in/gp/bestsellers/computers/1375464031/ref=sr_bs_4_1375464031_1,Wesley Milestone 2.0 Casual Waterproof Laptop Backpack/Office Bag/School Bag/College Bag/Business Bag/Travel Backpack (Dimensions:13x18 inches) (Compatible with 39.62cm(15.6inch laptop) 30 L (Blue & black),565,4.3,"9,817"
http://amazon.in/ADISA-Laptop-Backpack-Office-College/dp/B09TPX22NF/ref=sr_1_6?crid=2M096C61O4MLT&keywords=bags&qid=1679429943&sprefix=ba%2Caps%2C283&sr=8-6,ADISA 15.6 inch Laptop Backpack Office Bag College Travel Back Pack 32 Ltrs (z-Navy Blue),499,3.8,567
http://amazon.in/Lavie-Sport-Duffle-Luggage-Trolley/dp/B097RJ22Q3/ref=sr_1_7?crid=2M096C61O4MLT&keywords=bags&qid=1679429943&sprefix=ba%2Caps%2C283&sr=8-7,Lavie Sport Lino Large Size 63 cms Wheel Duffle Bag for Travel | Travel Bag with Trolley,949,3.9,"6,308"
http://amazon.in/Half-Moon-Waterproof-Backpack-Students/dp/B085MHDJ93/ref=sr_1_8?crid=2M096C61O4MLT&keywords=bags&qid=1679429943&sprefix=ba%2Caps%2C283&sr=8-8,"Half Moon 35L Water Resistant 15.6 inch Laptop Bag for Men/Backpack for Men, Navy Blue | Office Bag for Men/Office Bag for Women with Padded Laptop Compartment | Rain Cover & Reflective Strips",689,3.9,"15,254"
http://amazon.in/gp/bestsellers/kitchen/6802467031/ref=sr_bs_8_6802467031_1,"Amazon Brand - Presto! Oxo-Biodegradable Garbage Bags, Medium - 30 bags/roll (Pack of 6)",379,4.3,"30,133"
http://amazon.in/SAFARI-Ltrs-Casual-Backpack-DAYPACKNEO15CBSEB/dp/B07Q7CNPMV/ref=sr_1_10?crid=2M096C61O4MLT&keywords=bags&qid=1679429943&sprefix=ba%2Caps%2C283&sr=8-10,SAFARI 15 Ltrs Sea Blue Casual/School/College Backpack (DAYPACKNEO15CBSEB),299,4,"18,019"
http://amazon.in/GEAR-Black-Blue-Backpack-years/dp/B019HA8AYG/ref=sr_1_13?crid=2M096C61O4MLT&keywords=bags&qid=1679429943&sprefix=ba%2Caps%2C283&sr=8-13,Gear CarryOn 16L Foldable Water Resistant School Bag//Backpack/College Bag for Men/Women - Blue Black,214,3.7,"6,058"
http://amazon.in/American-Tourister-BACKPACK-COMPARTMENT-ORGANIZER/dp/B0BTD4FK9G/ref=sr_1_14?crid=2M096C61O4MLT&keywords=bags&qid=1679429943&sprefix=ba%2Caps%2C283&sr=8-14,"American Tourister VALEX BLUE LAPTOP BACKPACK 28 Ltrs,Volume, LAPTOP COMPARTMENT, BOTTLE POCKET, FRONT ORGANIZER","1,299",4.1,8
http://amazon.in/Half-Moon-Spacious-Backpack-Compartment/dp/B0BLVQ9NTD/ref=sr_1_15?crid=2M096C61O4MLT&keywords=bags&qid=1679429943&sprefix=ba%2Caps%2C283&sr=8-15,Half Moon Strike 35L Unisex Spacious School/Laptop/College/Office Travel Backpack Bag for Men Women Boys & Girls with 15.6 inch Padded Laptop Compartment & Multiple Pockets,699,3.7,116
http://amazon.in/Half-Moon-Backpack-Compartment-Reflective/dp/B0BJ32LQ6X/ref=sr_1_16?crid=2M096C61O4MLT&keywords=bags&qid=1679429943&sprefix=ba%2Caps%2C283&sr=8-16,Half Moon Large 37L Laptop Bag Backpack for menं Women Boys and Girls Luggage Travel Bags with 17.3 inches Laptop Compartment & Rain Cover,849,3.9,"2,343"
http://amazon.in/Number-Backpack-Compartment-Charging-Organizer/dp/B09VTCNN75/ref=sr_1_17?crid=2M096C61O4MLT&keywords=bags&qid=1679429943&sprefix=ba%2Caps%2C283&sr=8-17,"FUR JADEN Anti Theft Number Lock Backpack Bag with 15.6 Inch Laptop Compartment, USB Charging Port & Organizer Pocket for Men Women Boys Girls",689,3.9,"3,128"
http://amazon.in/Backpack-Small-Black-Water-Repellant/dp/B088XB5XY8/ref=sr_1_18?crid=2M096C61O4MLT&keywords=bags&qid=1679429943&sprefix=ba%2Caps%2C283&sr=8-18,"Mi Step Out 12 L Mini Backpack (Small Size, Black, Water Repellant)",398,4.1,"8,164"
http://amazon.in/Gear-Classic-Leather-Backpack-LBPCLSLTH0201/dp/B07G4F6XFH/ref=sr_1_19?crid=2M096C61O4MLT&keywords=bags&qid=1679429943&sprefix=ba%2Caps%2C283&sr=8-19,Gear Classic 20L Faux Leather Water Resistant Anti Theft Laptop Bag/Backpack for Men/Women-Brown,"1,075",4.4,"5,456"
http://amazon.in/Safari-Laptop-Backpack-Resistant-Fabric/dp/B09B25Z8M2/ref=sr_1_20?crid=2M096C61O4MLT&keywords=bags&qid=1679429943&sprefix=ba%2Caps%2C283&sr=8-20,"Safari Quill Laptop Backpack 26 Ltrs Water Resistant Fabric - Black, L (QUILL19CBBLK)",799,3.9,719
http://amazon.in/gp/bestsellers/luggage/ref=sr_bs_2_luggage_1,American Tourister 32 Ltrs Black Casual Backpack (AMT FIZZ SCH BAG 02 - BLACK),"1,199",4,"52,313"
http://amazon.in/Skybags-Brat-Black-Casual-Backpack/dp/B08Z1HHHTD/ref=ice_ac_b_dpb?crid=2M096C61O4MLT&keywords=bags&qid=1679429945&sprefix=ba%2Caps%2C283&sr=8-4,Skybags Brat Black 46 Cms Casual Backpack,659,4.1,"3,778"
http://amazon.in/gp/bestsellers/computers/1375464031/ref=sr_bs_4_1375464031_1,Wesley Milestone 2.0 Casual Waterproof Laptop Backpack/Office Bag/School Bag/College Bag/Business Bag/Travel Backpack (Dimensions:13x18 inches) (Compatible with 39.62cm(15.6inch laptop) 30 L (Blue & black),565,4.3,"9,817"
http://amazon.in/ADISA-Laptop-Backpack-Office-College/dp/B09TPX22NF/ref=sr_1_6?crid=2M096C61O4MLT&keywords=bags&qid=1679429945&sprefix=ba%2Caps%2C283&sr=8-6,ADISA 15.6 inch Laptop Backpack Office Bag College Travel Back Pack 32 Ltrs (z-Navy Blue),499,3.8,567
http://amazon.in/Lavie-Sport-Duffle-Luggage-Trolley/dp/B097RJ22Q3/ref=sr_1_7?crid=2M096C61O4MLT&keywords=bags&qid=1679429945&sprefix=ba%2Caps%2C283&sr=8-7,Lavie Sport Lino Large Size 63 cms Wheel Duffle Bag for Travel | Travel Bag with Trolley,949,3.9,"6,308"
http://amazon.in/Half-Moon-Waterproof-Backpack-Students/dp/B085MHDJ93/ref=sr_1_8?crid=2M096C61O4MLT&keywords=bags&qid=1679429945&sprefix=ba%2Caps%2C283&sr=8-8,"Half Moon 35L Water Resistant 15.6 inch Laptop Bag for Men/Backpack for Men, Navy Blue | Office Bag for Men/Office Bag for Women with Padded Laptop Compartment | Rain Cover & Reflective Strips",689,3.9,"15,254"
http://amazon.in/gp/bestsellers/kitchen/6802467031/ref=sr_bs_8_6802467031_1,"Amazon Brand - Presto! Oxo-Biodegradable Garbage Bags, Medium - 30 bags/roll (Pack of 6)",379,4.3,"30,133"
http://amazon.in/SAFARI-Ltrs-Casual-Backpack-DAYPACKNEO15CBSEB/dp/B07Q7CNPMV/ref=sr_1_10?crid=2M096C61O4MLT&keywords=bags&qid=1679429945&sprefix=ba%2Caps%2C283&sr=8-10,SAFARI 15 Ltrs Sea Blue Casual/School/College Backpack (DAYPACKNEO15CBSEB),299,4,"18,019"
http://amazon.in/GEAR-Black-Blue-Backpack-years/dp/B019HA8AYG/ref=sr_1_13?crid=2M096C61O4MLT&keywords=bags&qid=1679429945&sprefix=ba%2Caps%2C283&sr=8-13,Gear CarryOn 16L Foldable Water Resistant School Bag//Backpack/College Bag for Men/Women - Blue Black,214,3.7,"6,058"
http://amazon.in/American-Tourister-BACKPACK-COMPARTMENT-ORGANIZER/dp/B0BTD4FK9G/ref=sr_1_14?crid=2M096C61O4MLT&keywords=bags&qid=1679429945&sprefix=ba%2Caps%2C283&sr=8-14,"American Tourister VALEX BLUE LAPTOP BACKPACK 28 Ltrs,Volume, LAPTOP COMPARTMENT, BOTTLE POCKET, FRONT ORGANIZER","1,299",4.1,8
http://amazon.in/Half-Moon-Spacious-Backpack-Compartment/dp/B0BLVQ9NTD/ref=sr_1_15?crid=2M096C61O4MLT&keywords=bags&qid=1679429945&sprefix=ba%2Caps%2C283&sr=8-15,Half Moon Strike 35L Unisex Spacious School/Laptop/College/Office Travel Backpack Bag for Men Women Boys & Girls with 15.6 inch Padded Laptop Compartment & Multiple Pockets,699,3.7,116
http://amazon.in/Half-Moon-Backpack-Compartment-Reflective/dp/B0BJ32LQ6X/ref=sr_1_16?crid=2M096C61O4MLT&keywords=bags&qid=1679429945&sprefix=ba%2Caps%2C283&sr=8-16,Half Moon Large 37L Laptop Bag Backpack for menं Women Boys and Girls Luggage Travel Bags with 17.3 inches Laptop Compartment & Rain Cover,849,3.9,"2,343"
http://amazon.in/Number-Backpack-Compartment-Charging-Organizer/dp/B09VTCNN75/ref=sr_1_17?crid=2M096C61O4MLT&keywords=bags&qid=1679429945&sprefix=ba%2Caps%2C283&sr=8-17,"FUR JADEN Anti Theft Number Lock Backpack Bag with 15.6 Inch Laptop Compartment, USB Charging Port & Organizer Pocket for Men Women Boys Girls",689,3.9,"3,128"
http://amazon.in/Backpack-Small-Black-Water-Repellant/dp/B088XB5XY8/ref=sr_1_18?crid=2M096C61O4MLT&keywords=bags&qid=1679429945&sprefix=ba%2Caps%2C283&sr=8-18,"Mi Step Out 12 L Mini Backpack (Small Size, Black, Water Repellant)",398,4.1,"8,164"
http://amazon.in/Gear-Classic-Leather-Backpack-LBPCLSLTH0201/dp/B07G4F6XFH/ref=sr_1_19?crid=2M096C61O4MLT&keywords=bags&qid=1679429945&sprefix=ba%2Caps%2C283&sr=8-19,Gear Classic 20L Faux Leather Water Resistant Anti Theft Laptop Bag/Backpack for Men/Women-Brown,"1,075",4.4,"5,456"
http://amazon.in/Safari-Laptop-Backpack-Resistant-Fabric/dp/B09B25Z8M2/ref=sr_1_20?crid=2M096C61O4MLT&keywords=bags&qid=1679429945&sprefix=ba%2Caps%2C283&sr=8-20,"Safari Quill Laptop Backpack 26 Ltrs Water Resistant Fabric - Black, L (QUILL19CBBLK)",799,3.9,719
http://amazon.in/gp/bestsellers/luggage/ref=sr_bs_2_luggage_1,American Tourister 32 Ltrs Black Casual Backpack (AMT FIZZ SCH BAG 02 - BLACK),"1,199",4,"52,313"
http://amazon.in/Skybags-Brat-Black-Casual-Backpack/dp/B08Z1HHHTD/ref=ice_ac_b_dpb?crid=2M096C61O4MLT&keywords=bags&qid=1679429946&sprefix=ba%2Caps%2C283&sr=8-4,Skybags Brat Black 46 Cms Casual Backpack,659,4.1,"3,778"
http://amazon.in/gp/bestsellers/computers/1375464031/ref=sr_bs_4_1375464031_1,Wesley Milestone 2.0 Casual Waterproof Laptop Backpack/Office Bag/School Bag/College Bag/Business Bag/Travel Backpack (Dimensions:13x18 inches) (Compatible with 39.62cm(15.6inch laptop) 30 L (Blue & black),565,4.3,"9,817"
http://amazon.in/Lavie-Sport-Duffle-Luggage-Trolley/dp/B097RJ22Q3/ref=sr_1_6?crid=2M096C61O4MLT&keywords=bags&qid=1679429946&sprefix=ba%2Caps%2C283&sr=8-6,Lavie Sport Lino Large Size 63 cms Wheel Duffle Bag for Travel | Travel Bag with Trolley,949,3.9,"6,308"
http://amazon.in/ADISA-Laptop-Backpack-Office-College/dp/B09TPX22NF/ref=sr_1_7?crid=2M096C61O4MLT&keywords=bags&qid=1679429946&sprefix=ba%2Caps%2C283&sr=8-7,ADISA 15.6 inch Laptop Backpack Office Bag College Travel Back Pack 32 Ltrs (z-Navy Blue),499,3.8,567
http://amazon.in/Half-Moon-Waterproof-Backpack-Students/dp/B085MHDJ93/ref=sr_1_8?crid=2M096C61O4MLT&keywords=bags&qid=1679429946&sprefix=ba%2Caps%2C283&sr=8-8,"Half Moon 35L Water Resistant 15.6 inch Laptop Bag for Men/Backpack for Men, Navy Blue | Office Bag for Men/Office Bag for Women with Padded Laptop Compartment | Rain Cover & Reflective Strips",689,3.9,"15,254"
http://amazon.in/SAFARI-Ltrs-Casual-Backpack-DAYPACKNEO15CBSEB/dp/B07Q7CNPMV/ref=sr_1_9?crid=2M096C61O4MLT&keywords=bags&qid=1679429946&sprefix=ba%2Caps%2C283&sr=8-9,SAFARI 15 Ltrs Sea Blue Casual/School/College Backpack (DAYPACKNEO15CBSEB),299,4,"18,019"
http://amazon.in/GEAR-Black-Blue-Backpack-years/dp/B019HA8AYG/ref=sr_1_10?crid=2M096C61O4MLT&keywords=bags&qid=1679429946&sprefix=ba%2Caps%2C283&sr=8-10,Gear CarryOn 16L Foldable Water Resistant School Bag//Backpack/College Bag for Men/Women - Blue Black,214,3.7,"6,058"
http://amazon.in/Half-Moon-Spacious-Backpack-Compartment/dp/B0BLVQ9NTD/ref=sr_1_13?crid=2M096C61O4MLT&keywords=bags&qid=1679429946&sprefix=ba%2Caps%2C283&sr=8-13,Half Moon Strike 35L Unisex Spacious School/Laptop/College/Office Travel Backpack Bag for Men Women Boys & Girls with 15.6 inch Padded Laptop Compartment & Multiple Pockets,699,3.7,116
http://amazon.in/American-Tourister-BACKPACK-COMPARTMENT-ORGANIZER/dp/B0BTD4FK9G/ref=sr_1_14?crid=2M096C61O4MLT&keywords=bags&qid=1679429946&sprefix=ba%2Caps%2C283&sr=8-14,"American Tourister VALEX BLUE LAPTOP BACKPACK 28 Ltrs,Volume, LAPTOP COMPARTMENT, BOTTLE POCKET, FRONT ORGANIZER","1,299",4.1,8
http://amazon.in/Half-Moon-Backpack-Compartment-Reflective/dp/B0BJ32LQ6X/ref=sr_1_15?crid=2M096C61O4MLT&keywords=bags&qid=1679429946&sprefix=ba%2Caps%2C283&sr=8-15,Half Moon Large 37L Laptop Bag Backpack for menं Women Boys and Girls Luggage Travel Bags with 17.3 inches Laptop Compartment & Rain Cover,849,3.9,"2,343"
http://amazon.in/Number-Backpack-Compartment-Charging-Organizer/dp/B09VTCNN75/ref=sr_1_16?crid=2M096C61O4MLT&keywords=bags&qid=1679429946&sprefix=ba%2Caps%2C283&sr=8-16,"FUR JADEN Anti Theft Number Lock Backpack Bag with 15.6 Inch Laptop Compartment, USB Charging Port & Organizer Pocket for Men Women Boys Girls",689,3.9,"3,128"
http://amazon.in/Backpack-Small-Black-Water-Repellant/dp/B088XB5XY8/ref=sr_1_17?crid=2M096C61O4MLT&keywords=bags&qid=1679429946&sprefix=ba%2Caps%2C283&sr=8-17,"Mi Step Out 12 L Mini Backpack (Small Size, Black, Water Repellant)",398,4.1,"8,164"
http://amazon.in/Gear-Classic-Leather-Backpack-LBPCLSLTH0201/dp/B07G4F6XFH/ref=sr_1_18?crid=2M096C61O4MLT&keywords=bags&qid=1679429946&sprefix=ba%2Caps%2C283&sr=8-18,Gear Classic 20L Faux Leather Water Resistant Anti Theft Laptop Bag/Backpack for Men/Women-Brown,"1,075",4.4,"5,456"
http://amazon.in/ADISA-Laptop-Backpack-Office-College/dp/B0BPVLXD53/ref=sr_1_19?crid=2M096C61O4MLT&keywords=bags&qid=1679429946&sprefix=ba%2Caps%2C283&sr=8-19,ADISA 35L Large Laptop Backpack Office Bag College Travel Back Pack with rain Cover (Grey),599,4,32
http://amazon.in/Safari-Laptop-Backpack-Resistant-Fabric/dp/B09B25Z8M2/ref=sr_1_20?crid=2M096C61O4MLT&keywords=bags&qid=1679429946&sprefix=ba%2Caps%2C283&sr=8-20,"Safari Quill Laptop Backpack 26 Ltrs Water Resistant Fabric - Black, L (QUILL19CBBLK)",799,3.9,719
http://amazon.in/gp/bestsellers/luggage/ref=sr_bs_2_luggage_1,American Tourister 32 Ltrs Black Casual Backpack (AMT FIZZ SCH BAG 02 - BLACK),"1,199",4,"52,313"
http://amazon.in/Skybags-Brat-Black-Casual-Backpack/dp/B08Z1HHHTD/ref=ice_ac_b_dpb?crid=2M096C61O4MLT&keywords=bags&qid=1679429948&sprefix=ba%2Caps%2C283&sr=8-4,Skybags Brat Black 46 Cms Casual Backpack,659,4.1,"3,778"
http://amazon.in/gp/bestsellers/computers/1375464031/ref=sr_bs_4_1375464031_1,Wesley Milestone 2.0 Casual Waterproof Laptop Backpack/Office Bag/School Bag/College Bag/Business Bag/Travel Backpack (Dimensions:13x18 inches) (Compatible with 39.62cm(15.6inch laptop) 30 L (Blue & black),565,4.3,"9,817"
http://amazon.in/ADISA-Laptop-Backpack-Office-College/dp/B09TPX22NF/ref=sr_1_6?crid=2M096C61O4MLT&keywords=bags&qid=1679429948&sprefix=ba%2Caps%2C283&sr=8-6,ADISA 15.6 inch Laptop Backpack Office Bag College Travel Back Pack 32 Ltrs (z-Navy Blue),499,3.8,567
http://amazon.in/Lavie-Sport-Duffle-Luggage-Trolley/dp/B097RJ22Q3/ref=sr_1_7?crid=2M096C61O4MLT&keywords=bags&qid=1679429948&sprefix=ba%2Caps%2C283&sr=8-7,Lavie Sport Lino Large Size 63 cms Wheel Duffle Bag for Travel | Travel Bag with Trolley,949,3.9,"6,308"
http://amazon.in/Half-Moon-Waterproof-Backpack-Students/dp/B085MHDJ93/ref=sr_1_8?crid=2M096C61O4MLT&keywords=bags&qid=1679429948&sprefix=ba%2Caps%2C283&sr=8-8,"Half Moon 35L Water Resistant 15.6 inch Laptop Bag for Men/Backpack for Men, Navy Blue | Office Bag for Men/Office Bag for Women with Padded Laptop Compartment | Rain Cover & Reflective Strips",689,3.9,"15,254"
http://amazon.in/SAFARI-Ltrs-Casual-Backpack-DAYPACKNEO15CBSEB/dp/B07Q7CNPMV/ref=sr_1_9?crid=2M096C61O4MLT&keywords=bags&qid=1679429948&sprefix=ba%2Caps%2C283&sr=8-9,SAFARI 15 Ltrs Sea Blue Casual/School/College Backpack (DAYPACKNEO15CBSEB),299,4,"18,019"
http://amazon.in/GEAR-Black-Blue-Backpack-years/dp/B019HA8AYG/ref=sr_1_10?crid=2M096C61O4MLT&keywords=bags&qid=1679429948&sprefix=ba%2Caps%2C283&sr=8-10,Gear CarryOn 16L Foldable Water Resistant School Bag//Backpack/College Bag for Men/Women - Blue Black,214,3.7,"6,058"
http://amazon.in/American-Tourister-BACKPACK-COMPARTMENT-ORGANIZER/dp/B0BTD4FK9G/ref=sr_1_11?crid=2M096C61O4MLT&keywords=bags&qid=1679429948&sprefix=ba%2Caps%2C283&sr=8-11,"American Tourister VALEX BLUE LAPTOP BACKPACK 28 Ltrs,Volume, LAPTOP COMPARTMENT, BOTTLE POCKET, FRONT ORGANIZER","1,299",4.1,8
http://amazon.in/Half-Moon-Spacious-Backpack-Compartment/dp/B0BLVQ9NTD/ref=sr_1_12?crid=2M096C61O4MLT&keywords=bags&qid=1679429948&sprefix=ba%2Caps%2C283&sr=8-12,Half Moon Strike 35L Unisex Spacious School/Laptop/College/Office Travel Backpack Bag for Men Women Boys & Girls with 15.6 inch Padded Laptop Compartment & Multiple Pockets,699,3.7,116
http://amazon.in/Half-Moon-Backpack-Compartment-Reflective/dp/B0BJ32LQ6X/ref=sr_1_13?crid=2M096C61O4MLT&keywords=bags&qid=1679429948&sprefix=ba%2Caps%2C283&sr=8-13,Half Moon Large 37L Laptop Bag Backpack for menं Women Boys and Girls Luggage Travel Bags with 17.3 inches Laptop Compartment & Rain Cover,849,3.9,"2,343"
http://amazon.in/Number-Backpack-Compartment-Charging-Organizer/dp/B09VTCNN75/ref=sr_1_14?crid=2M096C61O4MLT&keywords=bags&qid=1679429948&sprefix=ba%2Caps%2C283&sr=8-14,"FUR JADEN Anti Theft Number Lock Backpack Bag with 15.6 Inch Laptop Compartment, USB Charging Port & Organizer Pocket for Men Women Boys Girls",689,3.9,"3,128"
http://amazon.in/Backpack-Small-Black-Water-Repellant/dp/B088XB5XY8/ref=sr_1_17?crid=2M096C61O4MLT&keywords=bags&qid=1679429948&sprefix=ba%2Caps%2C283&sr=8-17,"Mi Step Out 12 L Mini Backpack (Small Size, Black, Water Repellant)",398,4.1,"8,164"
http://amazon.in/Gear-Classic-Leather-Backpack-LBPCLSLTH0201/dp/B07G4F6XFH/ref=sr_1_18?crid=2M096C61O4MLT&keywords=bags&qid=1679429948&sprefix=ba%2Caps%2C283&sr=8-18,Gear Classic 20L Faux Leather Water Resistant Anti Theft Laptop Bag/Backpack for Men/Women-Brown,"1,075",4.4,"5,456"
http://amazon.in/Safari-Laptop-Backpack-Resistant-Fabric/dp/B09B25Z8M2/ref=sr_1_19?crid=2M096C61O4MLT&keywords=bags&qid=1679429948&sprefix=ba%2Caps%2C283&sr=8-19,"Safari Quill Laptop Backpack 26 Ltrs Water Resistant Fabric - Black, L (QUILL19CBBLK)",799,3.9,719
http://amazon.in/ADISA-BP005-Weight-Casual-Backpack/dp/B07F3X45WZ/ref=sr_1_20?crid=2M096C61O4MLT&keywords=bags&qid=1679429948&sprefix=ba%2Caps%2C283&sr=8-20,ADISA Light Weight Laptop Backpack 32 Ltrs,499,4,"5,651"
http://amazon.in/ADISA-Laptop-Backpack-Office-College/dp/B0BPVLXD53/ref=sr_1_21?crid=2M096C61O4MLT&keywords=bags&qid=1679429948&sprefix=ba%2Caps%2C283&sr=8-21,ADISA 35L Large Laptop Backpack Office Bag College Travel Back Pack with rain Cover (Grey),599,4,32
http://amazon.in/Half-Moon-Backpack-Luggage-Compartment/dp/B09VCLZ3K4/ref=sr_1_22?crid=2M096C61O4MLT&keywords=bags&qid=1679429948&sprefix=ba%2Caps%2C283&sr=8-22,Half Moon Large 37L Laptop Bag Backpack for menं Women Boys and Girls Luggage Travel Bags with 17.3 inches Laptop Compartment & Rain Cover,849,3.9,"2,343"
http://amazon.in/Gear-Black-Laptop-Backpack-LBPASPIRE0104/dp/B075MK4TXP/ref=sr_1_23?crid=2M096C61O4MLT&keywords=bags&qid=1679429948&sprefix=ba%2Caps%2C283&sr=8-23,Gear Aspire 30L Water Restant Office Laptop Bag/Backpack for Men/Women/(Black),"1,131",4.3,"5,169"
http://amazon.in/Wesley-Milestone-Waterproof-Backpack-Business/dp/B07PLKV6D1/ref=sr_1_24?crid=2M096C61O4MLT&keywords=bags&qid=1679429948&sprefix=ba%2Caps%2C283&sr=8-24,Wesley Milestone 15.6 inch 25 L Casual Waterproof Laptop Backpack/Office Bag/School Bag/College Bag/Business Bag/Unisex Travel Backpack,473,4.3,"12,346"
http://amazon.in/Rucksack-Travel-Backpack-Trekking-Compartment/dp/B07YDGQQN5/ref=sr_1_25?crid=2M096C61O4MLT&keywords=bags&qid=1679429948&sprefix=ba%2Caps%2C283&sr=8-25,"Fur Jaden 55 LTR Rucksack Travel Backpack Bag for Trekking, Hiking with Shoe Compartment",839,4.2,"4,961"
http://amazon.in/Safari-Backpack-Resistant-Polyester-Travelling/dp/B09B29F66W/ref=sr_1_26?crid=2M096C61O4MLT&keywords=bags&qid=1679429948&sprefix=ba%2Caps%2C283&sr=8-26,"Safari Flash Casual Backpack, 26 ltr Water Resistant Travel Bags| Weight Polyester Bagpack for Men and Women, Spacious Shoulder Bag for College, Office, Travelling and Camping",799,3.9,"2,431"
http://amazon.in/F-Gear-Luxur-Brown-Backpack/dp/B01F7AX9ZA/ref=sr_1_27?crid=2M096C61O4MLT&keywords=bags&qid=1679429948&sprefix=ba%2Caps%2C283&sr=8-27,F Gear Luxur Brown 25 liter Laptop Backpack (2404),"1,032",4.4,"16,468"
http://amazon.in/Fur-Jaden-Black-Waterproof-Backpack/dp/B078GLXMDY/ref=sr_1_28?crid=2M096C61O4MLT&keywords=bags&qid=1679429948&sprefix=ba%2Caps%2C283&sr=8-28,Fur Jaden Anti Theft Backpack 15.6 Inch Laptop Bag with USB Charging Port,799,4,"10,758"
http://amazon.in/gp/bestsellers/luggage/ref=sr_bs_2_luggage_1,American Tourister 32 Ltrs Black Casual Backpack (AMT FIZZ SCH BAG 02 - BLACK),"1,199",4,"52,313"
http://amazon.in/Skybags-Brat-Black-Casual-Backpack/dp/B08Z1HHHTD/ref=ice_ac_b_dpb?crid=2M096C61O4MLT&keywords=bags&qid=1679429949&sprefix=ba%2Caps%2C283&sr=8-4,Skybags Brat Black 46 Cms Casual Backpack,659,4.1,"3,778"
http://amazon.in/gp/bestsellers/computers/1375464031/ref=sr_bs_4_1375464031_1,Wesley Milestone 2.0 Casual Waterproof Laptop Backpack/Office Bag/School Bag/College Bag/Business Bag/Travel Backpack (Dimensions:13x18 inches) (Compatible with 39.62cm(15.6inch laptop) 30 L (Blue & black),565,4.3,"9,817"
http://amazon.in/ADISA-Laptop-Backpack-Office-College/dp/B09TPX22NF/ref=sr_1_6?crid=2M096C61O4MLT&keywords=bags&qid=1679429949&sprefix=ba%2Caps%2C283&sr=8-6,ADISA 15.6 inch Laptop Backpack Office Bag College Travel Back Pack 32 Ltrs (z-Navy Blue),499,3.8,567
http://amazon.in/Lavie-Sport-Duffle-Luggage-Trolley/dp/B097RJ22Q3/ref=sr_1_7?crid=2M096C61O4MLT&keywords=bags&qid=1679429949&sprefix=ba%2Caps%2C283&sr=8-7,Lavie Sport Lino Large Size 63 cms Wheel Duffle Bag for Travel | Travel Bag with Trolley,949,3.9,"6,308"
http://amazon.in/Half-Moon-Waterproof-Backpack-Students/dp/B085MHDJ93/ref=sr_1_8?crid=2M096C61O4MLT&keywords=bags&qid=1679429949&sprefix=ba%2Caps%2C283&sr=8-8,"Half Moon 35L Water Resistant 15.6 inch Laptop Bag for Men/Backpack for Men, Navy Blue | Office Bag for Men/Office Bag for Women with Padded Laptop Compartment | Rain Cover & Reflective Strips",689,3.9,"15,254"
http://amazon.in/SAFARI-Ltrs-Casual-Backpack-DAYPACKNEO15CBSEB/dp/B07Q7CNPMV/ref=sr_1_9?crid=2M096C61O4MLT&keywords=bags&qid=1679429949&sprefix=ba%2Caps%2C283&sr=8-9,SAFARI 15 Ltrs Sea Blue Casual/School/College Backpack (DAYPACKNEO15CBSEB),299,4,"18,019"
http://amazon.in/GEAR-Black-Blue-Backpack-years/dp/B019HA8AYG/ref=sr_1_10?crid=2M096C61O4MLT&keywords=bags&qid=1679429949&sprefix=ba%2Caps%2C283&sr=8-10,Gear CarryOn 16L Foldable Water Resistant School Bag//Backpack/College Bag for Men/Women - Blue Black,214,3.7,"6,058"
http://amazon.in/American-Tourister-BACKPACK-COMPARTMENT-ORGANIZER/dp/B0BTD4FK9G/ref=sr_1_13?crid=2M096C61O4MLT&keywords=bags&qid=1679429949&sprefix=ba%2Caps%2C283&sr=8-13,"American Tourister VALEX BLUE LAPTOP BACKPACK 28 Ltrs,Volume, LAPTOP COMPARTMENT, BOTTLE POCKET, FRONT ORGANIZER","1,299",4.1,8
http://amazon.in/Half-Moon-Spacious-Backpack-Compartment/dp/B0BLVQ9NTD/ref=sr_1_14?crid=2M096C61O4MLT&keywords=bags&qid=1679429949&sprefix=ba%2Caps%2C283&sr=8-14,Half Moon Strike 35L Unisex Spacious School/Laptop/College/Office Travel Backpack Bag for Men Women Boys & Girls with 15.6 inch Padded Laptop Compartment & Multiple Pockets,699,3.7,116
http://amazon.in/Half-Moon-Backpack-Compartment-Reflective/dp/B0BJ32LQ6X/ref=sr_1_15?crid=2M096C61O4MLT&keywords=bags&qid=1679429949&sprefix=ba%2Caps%2C283&sr=8-15,Half Moon Large 37L Laptop Bag Backpack for menं Women Boys and Girls Luggage Travel Bags with 17.3 inches Laptop Compartment & Rain Cover,849,3.9,"2,343"
http://amazon.in/Number-Backpack-Compartment-Charging-Organizer/dp/B09VTCNN75/ref=sr_1_16?crid=2M096C61O4MLT&keywords=bags&qid=1679429949&sprefix=ba%2Caps%2C283&sr=8-16,"FUR JADEN Anti Theft Number Lock Backpack Bag with 15.6 Inch Laptop Compartment, USB Charging Port & Organizer Pocket for Men Women Boys Girls",689,3.9,"3,128"
http://amazon.in/Backpack-Small-Black-Water-Repellant/dp/B088XB5XY8/ref=sr_1_17?crid=2M096C61O4MLT&keywords=bags&qid=1679429949&sprefix=ba%2Caps%2C283&sr=8-17,"Mi Step Out 12 L Mini Backpack (Small Size, Black, Water Repellant)",398,4.1,"8,164"
http://amazon.in/Gear-Classic-Leather-Backpack-LBPCLSLTH0201/dp/B07G4F6XFH/ref=sr_1_18?crid=2M096C61O4MLT&keywords=bags&qid=1679429949&sprefix=ba%2Caps%2C283&sr=8-18,Gear Classic 20L Faux Leather Water Resistant Anti Theft Laptop Bag/Backpack for Men/Women-Brown,"1,075",4.4,"5,456"
http://amazon.in/Safari-Laptop-Backpack-Resistant-Fabric/dp/B09B25Z8M2/ref=sr_1_19?crid=2M096C61O4MLT&keywords=bags&qid=1679429949&sprefix=ba%2Caps%2C283&sr=8-19,"Safari Quill Laptop Backpack 26 Ltrs Water Resistant Fabric - Black, L (QUILL19CBBLK)",799,3.9,719
http://amazon.in/ADISA-BP005-Weight-Casual-Backpack/dp/B07F3X45WZ/ref=sr_1_20?crid=2M096C61O4MLT&keywords=bags&qid=1679429949&sprefix=ba%2Caps%2C283&sr=8-20,ADISA Light Weight Laptop Backpack 32 Ltrs,499,4,"5,651"
http://amazon.in/gp/bestsellers/luggage/ref=sr_bs_2_luggage_1,American Tourister 32 Ltrs Black Casual Backpack (AMT FIZZ SCH BAG 02 - BLACK),"1,199",4,"52,313"
http://amazon.in/Skybags-Brat-Black-Casual-Backpack/dp/B08Z1HHHTD/ref=ice_ac_b_dpb?crid=2M096C61O4MLT&keywords=bags&qid=1679429950&sprefix=ba%2Caps%2C283&sr=8-4,Skybags Brat Black 46 Cms Casual Backpack,659,4.1,"3,778"
http://amazon.in/gp/bestsellers/computers/1375464031/ref=sr_bs_4_1375464031_1,Wesley Milestone 2.0 Casual Waterproof Laptop Backpack/Office Bag/School Bag/College Bag/Business Bag/Travel Backpack (Dimensions:13x18 inches) (Compatible with 39.62cm(15.6inch laptop) 30 L (Blue & black),565,4.3,"9,817"
http://amazon.in/ADISA-Laptop-Backpack-Office-College/dp/B09TPX22NF/ref=sr_1_6?crid=2M096C61O4MLT&keywords=bags&qid=1679429950&sprefix=ba%2Caps%2C283&sr=8-6,ADISA 15.6 inch Laptop Backpack Office Bag College Travel Back Pack 32 Ltrs (z-Navy Blue),499,3.8,567
http://amazon.in/Lavie-Sport-Duffle-Luggage-Trolley/dp/B097RJ22Q3/ref=sr_1_7?crid=2M096C61O4MLT&keywords=bags&qid=1679429950&sprefix=ba%2Caps%2C283&sr=8-7,Lavie Sport Lino Large Size 63 cms Wheel Duffle Bag for Travel | Travel Bag with Trolley,949,3.9,"6,308"
http://amazon.in/Half-Moon-Waterproof-Backpack-Students/dp/B085MHDJ93/ref=sr_1_8?crid=2M096C61O4MLT&keywords=bags&qid=1679429950&sprefix=ba%2Caps%2C283&sr=8-8,"Half Moon 35L Water Resistant 15.6 inch Laptop Bag for Men/Backpack for Men, Navy Blue | Office Bag for Men/Office Bag for Women with Padded Laptop Compartment | Rain Cover & Reflective Strips",689,3.9,"15,254"
http://amazon.in/gp/bestsellers/kitchen/6802467031/ref=sr_bs_8_6802467031_1,"Amazon Brand - Presto! Oxo-Biodegradable Garbage Bags, Medium - 30 bags/roll (Pack of 6)",379,4.3,"30,133"
http://amazon.in/SAFARI-Ltrs-Casual-Backpack-DAYPACKNEO15CBSEB/dp/B07Q7CNPMV/ref=sr_1_10?crid=2M096C61O4MLT&keywords=bags&qid=1679429950&sprefix=ba%2Caps%2C283&sr=8-10,SAFARI 15 Ltrs Sea Blue Casual/School/College Backpack (DAYPACKNEO15CBSEB),299,4,"18,019"
http://amazon.in/GEAR-Black-Blue-Backpack-years/dp/B019HA8AYG/ref=sr_1_13?crid=2M096C61O4MLT&keywords=bags&qid=1679429950&sprefix=ba%2Caps%2C283&sr=8-13,Gear CarryOn 16L Foldable Water Resistant School Bag//Backpack/College Bag for Men/Women - Blue Black,214,3.7,"6,058"
http://amazon.in/American-Tourister-BACKPACK-COMPARTMENT-ORGANIZER/dp/B0BTD4FK9G/ref=sr_1_14?crid=2M096C61O4MLT&keywords=bags&qid=1679429950&sprefix=ba%2Caps%2C283&sr=8-14,"American Tourister VALEX BLUE LAPTOP BACKPACK 28 Ltrs,Volume, LAPTOP COMPARTMENT, BOTTLE POCKET, FRONT ORGANIZER","1,299",4.1,8
http://amazon.in/Half-Moon-Spacious-Backpack-Compartment/dp/B0BLVQ9NTD/ref=sr_1_15?crid=2M096C61O4MLT&keywords=bags&qid=1679429950&sprefix=ba%2Caps%2C283&sr=8-15,Half Moon Strike 35L Unisex Spacious School/Laptop/College/Office Travel Backpack Bag for Men Women Boys & Girls with 15.6 inch Padded Laptop Compartment & Multiple Pockets,699,3.7,116
http://amazon.in/Half-Moon-Backpack-Compartment-Reflective/dp/B0BJ32LQ6X/ref=sr_1_16?crid=2M096C61O4MLT&keywords=bags&qid=1679429950&sprefix=ba%2Caps%2C283&sr=8-16,Half Moon Large 37L Laptop Bag Backpack for menं Women Boys and Girls Luggage Travel Bags with 17.3 inches Laptop Compartment & Rain Cover,849,3.9,"2,343"
http://amazon.in/Number-Backpack-Compartment-Charging-Organizer/dp/B09VTCNN75/ref=sr_1_17?crid=2M096C61O4MLT&keywords=bags&qid=1679429950&sprefix=ba%2Caps%2C283&sr=8-17,"FUR JADEN Anti Theft Number Lock Backpack Bag with 15.6 Inch Laptop Compartment, USB Charging Port & Organizer Pocket for Men Women Boys Girls",689,3.9,"3,128"
http://amazon.in/Backpack-Small-Black-Water-Repellant/dp/B088XB5XY8/ref=sr_1_18?crid=2M096C61O4MLT&keywords=bags&qid=1679429950&sprefix=ba%2Caps%2C283&sr=8-18,"Mi Step Out 12 L Mini Backpack (Small Size, Black, Water Repellant)",398,4.1,"8,164"
http://amazon.in/Gear-Classic-Leather-Backpack-LBPCLSLTH0201/dp/B07G4F6XFH/ref=sr_1_19?crid=2M096C61O4MLT&keywords=bags&qid=1679429950&sprefix=ba%2Caps%2C283&sr=8-19,Gear Classic 20L Faux Leather Water Resistant Anti Theft Laptop Bag/Backpack for Men/Women-Brown,"1,075",4.4,"5,456"
http://amazon.in/Safari-Laptop-Backpack-Resistant-Fabric/dp/B09B25Z8M2/ref=sr_1_20?crid=2M096C61O4MLT&keywords=bags&qid=1679429950&sprefix=ba%2Caps%2C283&sr=8-20,"Safari Quill Laptop Backpack 26 Ltrs Water Resistant Fabric - Black, L (QUILL19CBBLK)",799,3.9,719
http://amazon.in/gp/bestsellers/luggage/ref=sr_bs_2_luggage_1,American Tourister 32 Ltrs Black Casual Backpack (AMT FIZZ SCH BAG 02 - BLACK),"1,199",4,"52,313"
http://amazon.in/Skybags-Brat-Black-Casual-Backpack/dp/B08Z1HHHTD/ref=ice_ac_b_dpb?crid=2M096C61O4MLT&keywords=bags&qid=1679429952&sprefix=ba%2Caps%2C283&sr=8-4,Skybags Brat Black 46 Cms Casual Backpack,659,4.1,"3,778"
http://amazon.in/gp/bestsellers/computers/1375464031/ref=sr_bs_4_1375464031_1,Wesley Milestone 2.0 Casual Waterproof Laptop Backpack/Office Bag/School Bag/College Bag/Business Bag/Travel Backpack (Dimensions:13x18 inches) (Compatible with 39.62cm(15.6inch laptop) 30 L (Blue & black),565,4.3,"9,817"
http://amazon.in/ADISA-Laptop-Backpack-Office-College/dp/B09TPX22NF/ref=sr_1_6?crid=2M096C61O4MLT&keywords=bags&qid=1679429952&sprefix=ba%2Caps%2C283&sr=8-6,ADISA 15.6 inch Laptop Backpack Office Bag College Travel Back Pack 32 Ltrs (z-Navy Blue),499,3.8,567
http://amazon.in/Lavie-Sport-Duffle-Luggage-Trolley/dp/B097RJ22Q3/ref=sr_1_7?crid=2M096C61O4MLT&keywords=bags&qid=1679429952&sprefix=ba%2Caps%2C283&sr=8-7,Lavie Sport Lino Large Size 63 cms Wheel Duffle Bag for Travel | Travel Bag with Trolley,949,3.9,"6,308"
http://amazon.in/Half-Moon-Waterproof-Backpack-Students/dp/B085MHDJ93/ref=sr_1_8?crid=2M096C61O4MLT&keywords=bags&qid=1679429952&sprefix=ba%2Caps%2C283&sr=8-8,"Half Moon 35L Water Resistant 15.6 inch Laptop Bag for Men/Backpack for Men, Navy Blue | Office Bag for Men/Office Bag for Women with Padded Laptop Compartment | Rain Cover & Reflective Strips",689,3.9,"15,254"
http://amazon.in/gp/bestsellers/kitchen/6802467031/ref=sr_bs_8_6802467031_1,"Amazon Brand - Presto! Oxo-Biodegradable Garbage Bags, Medium - 30 bags/roll (Pack of 6)",379,4.3,"30,133"
http://amazon.in/SAFARI-Ltrs-Casual-Backpack-DAYPACKNEO15CBSEB/dp/B07Q7CNPMV/ref=sr_1_10?crid=2M096C61O4MLT&keywords=bags&qid=1679429952&sprefix=ba%2Caps%2C283&sr=8-10,SAFARI 15 Ltrs Sea Blue Casual/School/College Backpack (DAYPACKNEO15CBSEB),299,4,"18,019"
http://amazon.in/GEAR-Black-Blue-Backpack-years/dp/B019HA8AYG/ref=sr_1_13?crid=2M096C61O4MLT&keywords=bags&qid=1679429952&sprefix=ba%2Caps%2C283&sr=8-13,Gear CarryOn 16L Foldable Water Resistant School Bag//Backpack/College Bag for Men/Women - Blue Black,214,3.7,"6,058"
http://amazon.in/American-Tourister-BACKPACK-COMPARTMENT-ORGANIZER/dp/B0BTD4FK9G/ref=sr_1_14?crid=2M096C61O4MLT&keywords=bags&qid=1679429952&sprefix=ba%2Caps%2C283&sr=8-14,"American Tourister VALEX BLUE LAPTOP BACKPACK 28 Ltrs,Volume, LAPTOP COMPARTMENT, BOTTLE POCKET, FRONT ORGANIZER","1,299",4.1,8
http://amazon.in/Half-Moon-Spacious-Backpack-Compartment/dp/B0BLVQ9NTD/ref=sr_1_15?crid=2M096C61O4MLT&keywords=bags&qid=1679429952&sprefix=ba%2Caps%2C283&sr=8-15,Half Moon Strike 35L Unisex Spacious School/Laptop/College/Office Travel Backpack Bag for Men Women Boys & Girls with 15.6 inch Padded Laptop Compartment & Multiple Pockets,699,3.7,116
http://amazon.in/Half-Moon-Backpack-Compartment-Reflective/dp/B0BJ32LQ6X/ref=sr_1_16?crid=2M096C61O4MLT&keywords=bags&qid=1679429952&sprefix=ba%2Caps%2C283&sr=8-16,Half Moon Large 37L Laptop Bag Backpack for menं Women Boys and Girls Luggage Travel Bags with 17.3 inches Laptop Compartment & Rain Cover,849,3.9,"2,343"
http://amazon.in/Number-Backpack-Compartment-Charging-Organizer/dp/B09VTCNN75/ref=sr_1_17?crid=2M096C61O4MLT&keywords=bags&qid=1679429952&sprefix=ba%2Caps%2C283&sr=8-17,"FUR JADEN Anti Theft Number Lock Backpack Bag with 15.6 Inch Laptop Compartment, USB Charging Port & Organizer Pocket for Men Women Boys Girls",689,3.9,"3,128"
http://amazon.in/Backpack-Small-Black-Water-Repellant/dp/B088XB5XY8/ref=sr_1_18?crid=2M096C61O4MLT&keywords=bags&qid=1679429952&sprefix=ba%2Caps%2C283&sr=8-18,"Mi Step Out 12 L Mini Backpack (Small Size, Black, Water Repellant)",398,4.1,"8,164"
http://amazon.in/Gear-Classic-Leather-Backpack-LBPCLSLTH0201/dp/B07G4F6XFH/ref=sr_1_19?crid=2M096C61O4MLT&keywords=bags&qid=1679429952&sprefix=ba%2Caps%2C283&sr=8-19,Gear Classic 20L Faux Leather Water Resistant Anti Theft Laptop Bag/Backpack for Men/Women-Brown,"1,075",4.4,"5,456"
http://amazon.in/Safari-Laptop-Backpack-Resistant-Fabric/dp/B09B25Z8M2/ref=sr_1_20?crid=2M096C61O4MLT&keywords=bags&qid=1679429952&sprefix=ba%2Caps%2C283&sr=8-20,"Safari Quill Laptop Backpack 26 Ltrs Water Resistant Fabric - Black, L (QUILL19CBBLK)",799,3.9,719
http://amazon.in/gp/bestsellers/luggage/ref=sr_bs_2_luggage_1,American Tourister 32 Ltrs Black Casual Backpack (AMT FIZZ SCH BAG 02 - BLACK),"1,199",4,"52,313"
http://amazon.in/Skybags-Brat-Black-Casual-Backpack/dp/B08Z1HHHTD/ref=ice_ac_b_dpb?crid=2M096C61O4MLT&keywords=bags&qid=1679429953&sprefix=ba%2Caps%2C283&sr=8-4,Skybags Brat Black 46 Cms Casual Backpack,659,4.1,"3,778"
http://amazon.in/gp/bestsellers/computers/1375464031/ref=sr_bs_4_1375464031_1,Wesley Milestone 2.0 Casual Waterproof Laptop Backpack/Office Bag/School Bag/College Bag/Business Bag/Travel Backpack (Dimensions:13x18 inches) (Compatible with 39.62cm(15.6inch laptop) 30 L (Blue & black),565,4.3,"9,817"
http://amazon.in/Lavie-Sport-Duffle-Luggage-Trolley/dp/B097RJ22Q3/ref=sr_1_6?crid=2M096C61O4MLT&keywords=bags&qid=1679429953&sprefix=ba%2Caps%2C283&sr=8-6,Lavie Sport Lino Large Size 63 cms Wheel Duffle Bag for Travel | Travel Bag with Trolley,949,3.9,"6,308"
http://amazon.in/ADISA-Laptop-Backpack-Office-College/dp/B09TPX22NF/ref=sr_1_7?crid=2M096C61O4MLT&keywords=bags&qid=1679429953&sprefix=ba%2Caps%2C283&sr=8-7,ADISA 15.6 inch Laptop Backpack Office Bag College Travel Back Pack 32 Ltrs (z-Navy Blue),499,3.8,567
http://amazon.in/Half-Moon-Waterproof-Backpack-Students/dp/B085MHDJ93/ref=sr_1_8?crid=2M096C61O4MLT&keywords=bags&qid=1679429953&sprefix=ba%2Caps%2C283&sr=8-8,"Half Moon 35L Water Resistant 15.6 inch Laptop Bag for Men/Backpack for Men, Navy Blue | Office Bag for Men/Office Bag for Women with Padded Laptop Compartment | Rain Cover & Reflective Strips",689,3.9,"15,254"
http://amazon.in/gp/bestsellers/kitchen/6802467031/ref=sr_bs_8_6802467031_1,"Amazon Brand - Presto! Oxo-Biodegradable Garbage Bags, Medium - 30 bags/roll (Pack of 6)",379,4.3,"30,133"
http://amazon.in/SAFARI-Ltrs-Casual-Backpack-DAYPACKNEO15CBSEB/dp/B07Q7CNPMV/ref=sr_1_10?crid=2M096C61O4MLT&keywords=bags&qid=1679429953&sprefix=ba%2Caps%2C283&sr=8-10,SAFARI 15 Ltrs Sea Blue Casual/School/College Backpack (DAYPACKNEO15CBSEB),299,4,"18,019"
http://amazon.in/GEAR-Black-Blue-Backpack-years/dp/B019HA8AYG/ref=sr_1_13?crid=2M096C61O4MLT&keywords=bags&qid=1679429953&sprefix=ba%2Caps%2C283&sr=8-13,Gear CarryOn 16L Foldable Water Resistant School Bag//Backpack/College Bag for Men/Women - Blue Black,214,3.7,"6,058"
http://amazon.in/Half-Moon-Spacious-Backpack-Compartment/dp/B0BLVQ9NTD/ref=sr_1_14?crid=2M096C61O4MLT&keywords=bags&qid=1679429953&sprefix=ba%2Caps%2C283&sr=8-14,Half Moon Strike 35L Unisex Spacious School/Laptop/College/Office Travel Backpack Bag for Men Women Boys & Girls with 15.6 inch Padded Laptop Compartment & Multiple Pockets,699,3.7,116
http://amazon.in/American-Tourister-BACKPACK-COMPARTMENT-ORGANIZER/dp/B0BTD4FK9G/ref=sr_1_15?crid=2M096C61O4MLT&keywords=bags&qid=1679429953&sprefix=ba%2Caps%2C283&sr=8-15,"American Tourister VALEX BLUE LAPTOP BACKPACK 28 Ltrs,Volume, LAPTOP COMPARTMENT, BOTTLE POCKET, FRONT ORGANIZER","1,299",4.1,8
http://amazon.in/Half-Moon-Backpack-Compartment-Reflective/dp/B0BJ32LQ6X/ref=sr_1_16?crid=2M096C61O4MLT&keywords=bags&qid=1679429953&sprefix=ba%2Caps%2C283&sr=8-16,Half Moon Large 37L Laptop Bag Backpack for menं Women Boys and Girls Luggage Travel Bags with 17.3 inches Laptop Compartment & Rain Cover,849,3.9,"2,343"
http://amazon.in/Number-Backpack-Compartment-Charging-Organizer/dp/B09VTCNN75/ref=sr_1_17?crid=2M096C61O4MLT&keywords=bags&qid=1679429953&sprefix=ba%2Caps%2C283&sr=8-17,"FUR JADEN Anti Theft Number Lock Backpack Bag with 15.6 Inch Laptop Compartment, USB Charging Port & Organizer Pocket for Men Women Boys Girls",689,3.9,"3,128"
http://amazon.in/Backpack-Small-Black-Water-Repellant/dp/B088XB5XY8/ref=sr_1_18?crid=2M096C61O4MLT&keywords=bags&qid=1679429953&sprefix=ba%2Caps%2C283&sr=8-18,"Mi Step Out 12 L Mini Backpack (Small Size, Black, Water Repellant)",398,4.1,"8,164"
http://amazon.in/Gear-Classic-Leather-Backpack-LBPCLSLTH0201/dp/B07G4F6XFH/ref=sr_1_19?crid=2M096C61O4MLT&keywords=bags&qid=1679429953&sprefix=ba%2Caps%2C283&sr=8-19,Gear Classic 20L Faux Leather Water Resistant Anti Theft Laptop Bag/Backpack for Men/Women-Brown,"1,075",4.4,"5,456"
http://amazon.in/ADISA-Laptop-Backpack-Office-College/dp/B0BPVLXD53/ref=sr_1_20?crid=2M096C61O4MLT&keywords=bags&qid=1679429953&sprefix=ba%2Caps%2C283&sr=8-20,ADISA 35L Large Laptop Backpack Office Bag College Travel Back Pack with rain Cover (Grey),599,4,32
http://amazon.in/gp/bestsellers/luggage/ref=sr_bs_2_luggage_1,American Tourister 32 Ltrs Black Casual Backpack (AMT FIZZ SCH BAG 02 - BLACK),"1,199",4,"52,313"
http://amazon.in/Skybags-Brat-Black-Casual-Backpack/dp/B08Z1HHHTD/ref=ice_ac_b_dpb?crid=2M096C61O4MLT&keywords=bags&qid=1679429955&sprefix=ba%2Caps%2C283&sr=8-4,Skybags Brat Black 46 Cms Casual Backpack,659,4.1,"3,778"
http://amazon.in/gp/bestsellers/computers/1375464031/ref=sr_bs_4_1375464031_1,Wesley Milestone 2.0 Casual Waterproof Laptop Backpack/Office Bag/School Bag/College Bag/Business Bag/Travel Backpack (Dimensions:13x18 inches) (Compatible with 39.62cm(15.6inch laptop) 30 L (Blue & black),565,4.3,"9,817"
http://amazon.in/ADISA-Laptop-Backpack-Office-College/dp/B09TPX22NF/ref=sr_1_6?crid=2M096C61O4MLT&keywords=bags&qid=1679429955&sprefix=ba%2Caps%2C283&sr=8-6,ADISA 15.6 inch Laptop Backpack Office Bag College Travel Back Pack 32 Ltrs (z-Navy Blue),499,3.8,567
http://amazon.in/Lavie-Sport-Duffle-Luggage-Trolley/dp/B097RJ22Q3/ref=sr_1_7?crid=2M096C61O4MLT&keywords=bags&qid=1679429955&sprefix=ba%2Caps%2C283&sr=8-7,Lavie Sport Lino Large Size 63 cms Wheel Duffle Bag for Travel | Travel Bag with Trolley,949,3.9,"6,308"
http://amazon.in/Half-Moon-Waterproof-Backpack-Students/dp/B085MHDJ93/ref=sr_1_8?crid=2M096C61O4MLT&keywords=bags&qid=1679429955&sprefix=ba%2Caps%2C283&sr=8-8,"Half Moon 35L Water Resistant 15.6 inch Laptop Bag for Men/Backpack for Men, Navy Blue | Office Bag for Men/Office Bag for Women with Padded Laptop Compartment | Rain Cover & Reflective Strips",689,3.9,"15,254"
http://amazon.in/SAFARI-Ltrs-Casual-Backpack-DAYPACKNEO15CBSEB/dp/B07Q7CNPMV/ref=sr_1_9?crid=2M096C61O4MLT&keywords=bags&qid=1679429955&sprefix=ba%2Caps%2C283&sr=8-9,SAFARI 15 Ltrs Sea Blue Casual/School/College Backpack (DAYPACKNEO15CBSEB),299,4,"18,019"
http://amazon.in/GEAR-Black-Blue-Backpack-years/dp/B019HA8AYG/ref=sr_1_10?crid=2M096C61O4MLT&keywords=bags&qid=1679429955&sprefix=ba%2Caps%2C283&sr=8-10,Gear CarryOn 16L Foldable Water Resistant School Bag//Backpack/College Bag for Men/Women - Blue Black,214,3.7,"6,058"
http://amazon.in/American-Tourister-BACKPACK-COMPARTMENT-ORGANIZER/dp/B0BTD4FK9G/ref=sr_1_13?crid=2M096C61O4MLT&keywords=bags&qid=1679429955&sprefix=ba%2Caps%2C283&sr=8-13,"American Tourister VALEX BLUE LAPTOP BACKPACK 28 Ltrs,Volume, LAPTOP COMPARTMENT, BOTTLE POCKET, FRONT ORGANIZER","1,299",4.1,8
http://amazon.in/Half-Moon-Spacious-Backpack-Compartment/dp/B0BLVQ9NTD/ref=sr_1_14?crid=2M096C61O4MLT&keywords=bags&qid=1679429955&sprefix=ba%2Caps%2C283&sr=8-14,Half Moon Strike 35L Unisex Spacious School/Laptop/College/Office Travel Backpack Bag for Men Women Boys & Girls with 15.6 inch Padded Laptop Compartment & Multiple Pockets,699,3.7,116
http://amazon.in/Half-Moon-Backpack-Compartment-Reflective/dp/B0BJ32LQ6X/ref=sr_1_15?crid=2M096C61O4MLT&keywords=bags&qid=1679429955&sprefix=ba%2Caps%2C283&sr=8-15,Half Moon Large 37L Laptop Bag Backpack for menं Women Boys and Girls Luggage Travel Bags with 17.3 inches Laptop Compartment & Rain Cover,849,3.9,"2,343"
http://amazon.in/Number-Backpack-Compartment-Charging-Organizer/dp/B09VTCNN75/ref=sr_1_16?crid=2M096C61O4MLT&keywords=bags&qid=1679429955&sprefix=ba%2Caps%2C283&sr=8-16,"FUR JADEN Anti Theft Number Lock Backpack Bag with 15.6 Inch Laptop Compartment, USB Charging Port & Organizer Pocket for Men Women Boys Girls",689,3.9,"3,128"
http://amazon.in/Backpack-Small-Black-Water-Repellant/dp/B088XB5XY8/ref=sr_1_17?crid=2M096C61O4MLT&keywords=bags&qid=1679429955&sprefix=ba%2Caps%2C283&sr=8-17,"Mi Step Out 12 L Mini Backpack (Small Size, Black, Water Repellant)",398,4.1,"8,164"
http://amazon.in/Gear-Classic-Leather-Backpack-LBPCLSLTH0201/dp/B07G4F6XFH/ref=sr_1_18?crid=2M096C61O4MLT&keywords=bags&qid=1679429955&sprefix=ba%2Caps%2C283&sr=8-18,Gear Classic 20L Faux Leather Water Resistant Anti Theft Laptop Bag/Backpack for Men/Women-Brown,"1,075",4.4,"5,456"
http://amazon.in/Safari-Laptop-Backpack-Resistant-Fabric/dp/B09B25Z8M2/ref=sr_1_19?crid=2M096C61O4MLT&keywords=bags&qid=1679429955&sprefix=ba%2Caps%2C283&sr=8-19,"Safari Quill Laptop Backpack 26 Ltrs Water Resistant Fabric - Black, L (QUILL19CBBLK)",799,3.9,719
http://amazon.in/ADISA-Laptop-Backpack-Office-College/dp/B0BPVLXD53/ref=sr_1_20?crid=2M096C61O4MLT&keywords=bags&qid=1679429955&sprefix=ba%2Caps%2C283&sr=8-20,ADISA 35L Large Laptop Backpack Office Bag College Travel Back Pack with rain Cover (Grey),599,4,32
http://amazon.in/ADISA-BP005-Weight-Casual-Backpack/dp/B07F3X45WZ/ref=sr_1_23?crid=2M096C61O4MLT&keywords=bags&qid=1679429955&sprefix=ba%2Caps%2C283&sr=8-23,ADISA Light Weight Laptop Backpack 32 Ltrs,499,4,"5,651"
http://amazon.in/Half-Moon-Backpack-Luggage-Compartment/dp/B09VCLZ3K4/ref=sr_1_24?crid=2M096C61O4MLT&keywords=bags&qid=1679429955&sprefix=ba%2Caps%2C283&sr=8-24,Half Moon Large 37L Laptop Bag Backpack for menं Women Boys and Girls Luggage Travel Bags with 17.3 inches Laptop Compartment & Rain Cover,849,3.9,"2,343"
http://amazon.in/Gear-Black-Laptop-Backpack-LBPASPIRE0104/dp/B075MK4TXP/ref=sr_1_25?crid=2M096C61O4MLT&keywords=bags&qid=1679429955&sprefix=ba%2Caps%2C283&sr=8-25,Gear Aspire 30L Water Restant Office Laptop Bag/Backpack for Men/Women/(Black),"1,131",4.3,"5,169"
http://amazon.in/Wesley-Milestone-Waterproof-Backpack-Business/dp/B07PLKV6D1/ref=sr_1_26?crid=2M096C61O4MLT&keywords=bags&qid=1679429955&sprefix=ba%2Caps%2C283&sr=8-26,Wesley Milestone 15.6 inch 25 L Casual Waterproof Laptop Backpack/Office Bag/School Bag/College Bag/Business Bag/Unisex Travel Backpack,473,4.3,"12,346"
http://amazon.in/Rucksack-Travel-Backpack-Trekking-Compartment/dp/B07YDGQQN5/ref=sr_1_27?crid=2M096C61O4MLT&keywords=bags&qid=1679429955&sprefix=ba%2Caps%2C283&sr=8-27,"Fur Jaden 55 LTR Rucksack Travel Backpack Bag for Trekking, Hiking with Shoe Compartment",839,4.2,"4,961"
http://amazon.in/Safari-Backpack-Resistant-Polyester-Travelling/dp/B09B29F66W/ref=sr_1_28?crid=2M096C61O4MLT&keywords=bags&qid=1679429955&sprefix=ba%2Caps%2C283&sr=8-28,"Safari Flash Casual Backpack, 26 ltr Water Resistant Travel Bags| Weight Polyester Bagpack for Men and Women, Spacious Shoulder Bag for College, Office, Travelling and Camping",799,3.9,"2,431"
http://amazon.in/American-Tourister-AMT-SCH-BAG01/dp/B07CJCFNZG/ref=sr_1_29?crid=2M096C61O4MLT&keywords=bags&qid=1679429955&sprefix=ba%2Caps%2C283&sr=8-29,American Tourister Casual Backpack,"1,139",4.1,"14,468"
http://amazon.in/F-Gear-Luxur-Brown-Backpack/dp/B01F7AX9ZA/ref=sr_1_30?crid=2M096C61O4MLT&keywords=bags&qid=1679429955&sprefix=ba%2Caps%2C283&sr=8-30,F Gear Luxur Brown 25 liter Laptop Backpack (2404),"1,032",4.4,"16,468"
http://amazon.in/Fur-Jaden-Black-Waterproof-Backpack/dp/B078GLXMDY/ref=sr_1_31?crid=2M096C61O4MLT&keywords=bags&qid=1679429955&sprefix=ba%2Caps%2C283&sr=8-31,Fur Jaden Anti Theft Backpack 15.6 Inch Laptop Bag with USB Charging Port,799,4,"10,758"
http://amazon.in/Wesley-Milestone-Waterproof-Backpack-Business/dp/B085S444JV/ref=sr_1_32?crid=2M096C61O4MLT&keywords=bags&qid=1679429955&sprefix=ba%2Caps%2C283&sr=8-32,"Wesley Milestone 2.0 Casual Waterproof Laptop Backpack/Office Bag/School Bag/College Bag/Business Bag/Travel Backpack (Dimensions:13x18 inches) (Compatible with 39.62cm(15.6inch laptop) 30 L, Charcoal black",565,4.3,"9,817"
http://amazon.in/Step-Backpack-Small-Water-Repellant/dp/B088XH1BP7/ref=sr_1_33?crid=2M096C61O4MLT&keywords=bags&qid=1679429955&sprefix=ba%2Caps%2C283&sr=8-33,"Mi Step Out 12 L Mini Backpack (Small Size, Dark Blue, Water Repellant)",299,4.1,"8,164"
http://amazon.in/Nivia-6853-Polyester-Basic-Duffle/dp/B07FWQ9HRV/ref=sr_1_34?crid=2M096C61O4MLT&keywords=bags&qid=1679429955&sprefix=ba%2Caps%2C283&sr=8-34,NIVIA Basic Duffle Polyester Bag/Gym Bags/Adjustable Shoulder Bag for Men/Duffle Gym Bags for Men/Fitness Bag/Carry Bags/Sports & Travel Bag/Sports Kit/Duffle Bags Travel,239,4,"3,118"
http://amazon.in/TRAWOC-Backpack-Trekking-Rucksack-Warranty/dp/B0847PGZZM/ref=sr_1_35?crid=2M096C61O4MLT&keywords=bags&qid=1679429955&sprefix=ba%2Caps%2C283&sr=8-35,TRAWOC 80L Travel Backpack for Men & Women Outdoor Sport Camp Hiking Trekking Bag Camping Rucksack,"2,380",4.4,"6,927"
http://amazon.in/Safari-Laptop-Backpack-Resistant-Fabric/dp/B09B28TKLG/ref=sr_1_36?crid=2M096C61O4MLT&keywords=bags&qid=1679429955&sprefix=ba%2Caps%2C283&sr=8-36,"Safari Quill Laptop Backpack 26 Ltrs Water Resistant Fabric - Blue, L (QUILL19CBBLU)",799,4.1,495
http://amazon.in/ZIPLINE-Polyester-Backpack-Children-Daypack/dp/B07XVMR33Q/ref=sr_1_37?crid=2M096C61O4MLT&keywords=bags&qid=1679429955&sprefix=ba%2Caps%2C283&sr=8-37,Zipline Unisex casual polyester 36 L Backpack School Bag Women Men Boys Girls children Daypack College Bag Book School Sports Bag Weekend Bag,834,4,"5,135"
http://amazon.in/AirCase-C34-Laptop-Backpack-Women/dp/B07QN4KXWG/ref=sr_1_38?crid=2M096C61O4MLT&keywords=bags&qid=1679429955&sprefix=ba%2Caps%2C283&sr=8-38,"AirCase Laptop Bag Backpack Case Pouch for Laptop Backpack for Men & Women,Premium Vegan Leather",929,3.9,752
http://amazon.in/gp/bestsellers/luggage/ref=sr_bs_2_luggage_1,American Tourister 32 Ltrs Black Casual Backpack (AMT FIZZ SCH BAG 02 - BLACK),"1,199",4,"52,313"
http://amazon.in/Skybags-Brat-Black-Casual-Backpack/dp/B08Z1HHHTD/ref=ice_ac_b_dpb?crid=2M096C61O4MLT&keywords=bags&qid=1679429956&sprefix=ba%2Caps%2C283&sr=8-4,Skybags Brat Black 46 Cms Casual Backpack,659,4.1,"3,778"
http://amazon.in/gp/bestsellers/computers/1375464031/ref=sr_bs_4_1375464031_1,Wesley Milestone 2.0 Casual Waterproof Laptop Backpack/Office Bag/School Bag/College Bag/Business Bag/Travel Backpack (Dimensions:13x18 inches) (Compatible with 39.62cm(15.6inch laptop) 30 L (Blue & black),565,4.3,"9,817"
http://amazon.in/ADISA-Laptop-Backpack-Office-College/dp/B09TPX22NF/ref=sr_1_6?crid=2M096C61O4MLT&keywords=bags&qid=1679429956&sprefix=ba%2Caps%2C283&sr=8-6,ADISA 15.6 inch Laptop Backpack Office Bag College Travel Back Pack 32 Ltrs (z-Navy Blue),499,3.8,567
http://amazon.in/Lavie-Sport-Duffle-Luggage-Trolley/dp/B097RJ22Q3/ref=sr_1_7?crid=2M096C61O4MLT&keywords=bags&qid=1679429956&sprefix=ba%2Caps%2C283&sr=8-7,Lavie Sport Lino Large Size 63 cms Wheel Duffle Bag for Travel | Travel Bag with Trolley,949,3.9,"6,308"
http://amazon.in/Half-Moon-Waterproof-Backpack-Students/dp/B085MHDJ93/ref=sr_1_8?crid=2M096C61O4MLT&keywords=bags&qid=1679429956&sprefix=ba%2Caps%2C283&sr=8-8,"Half Moon 35L Water Resistant 15.6 inch Laptop Bag for Men/Backpack for Men, Navy Blue | Office Bag for Men/Office Bag for Women with Padded Laptop Compartment | Rain Cover & Reflective Strips",689,3.9,"15,254"
http://amazon.in/gp/bestsellers/kitchen/6802467031/ref=sr_bs_8_6802467031_1,"Amazon Brand - Presto! Oxo-Biodegradable Garbage Bags, Medium - 30 bags/roll (Pack of 6)",379,4.3,"30,133"
http://amazon.in/SAFARI-Ltrs-Casual-Backpack-DAYPACKNEO15CBSEB/dp/B07Q7CNPMV/ref=sr_1_10?crid=2M096C61O4MLT&keywords=bags&qid=1679429956&sprefix=ba%2Caps%2C283&sr=8-10,SAFARI 15 Ltrs Sea Blue Casual/School/College Backpack (DAYPACKNEO15CBSEB),299,4,"18,019"
http://amazon.in/GEAR-Black-Blue-Backpack-years/dp/B019HA8AYG/ref=sr_1_13?crid=2M096C61O4MLT&keywords=bags&qid=1679429956&sprefix=ba%2Caps%2C283&sr=8-13,Gear CarryOn 16L Foldable Water Resistant School Bag//Backpack/College Bag for Men/Women - Blue Black,214,3.7,"6,058"
http://amazon.in/American-Tourister-BACKPACK-COMPARTMENT-ORGANIZER/dp/B0BTD4FK9G/ref=sr_1_14?crid=2M096C61O4MLT&keywords=bags&qid=1679429956&sprefix=ba%2Caps%2C283&sr=8-14,"American Tourister VALEX BLUE LAPTOP BACKPACK 28 Ltrs,Volume, LAPTOP COMPARTMENT, BOTTLE POCKET, FRONT ORGANIZER","1,299",4.1,8
http://amazon.in/Half-Moon-Spacious-Backpack-Compartment/dp/B0BLVQ9NTD/ref=sr_1_15?crid=2M096C61O4MLT&keywords=bags&qid=1679429956&sprefix=ba%2Caps%2C283&sr=8-15,Half Moon Strike 35L Unisex Spacious School/Laptop/College/Office Travel Backpack Bag for Men Women Boys & Girls with 15.6 inch Padded Laptop Compartment & Multiple Pockets,699,3.7,116
http://amazon.in/Half-Moon-Backpack-Compartment-Reflective/dp/B0BJ32LQ6X/ref=sr_1_16?crid=2M096C61O4MLT&keywords=bags&qid=1679429956&sprefix=ba%2Caps%2C283&sr=8-16,Half Moon Large 37L Laptop Bag Backpack for menं Women Boys and Girls Luggage Travel Bags with 17.3 inches Laptop Compartment & Rain Cover,849,3.9,"2,343"
http://amazon.in/Number-Backpack-Compartment-Charging-Organizer/dp/B09VTCNN75/ref=sr_1_17?crid=2M096C61O4MLT&keywords=bags&qid=1679429956&sprefix=ba%2Caps%2C283&sr=8-17,"FUR JADEN Anti Theft Number Lock Backpack Bag with 15.6 Inch Laptop Compartment, USB Charging Port & Organizer Pocket for Men Women Boys Girls",689,3.9,"3,128"
http://amazon.in/Backpack-Small-Black-Water-Repellant/dp/B088XB5XY8/ref=sr_1_18?crid=2M096C61O4MLT&keywords=bags&qid=1679429956&sprefix=ba%2Caps%2C283&sr=8-18,"Mi Step Out 12 L Mini Backpack (Small Size, Black, Water Repellant)",398,4.1,"8,164"
http://amazon.in/Gear-Classic-Leather-Backpack-LBPCLSLTH0201/dp/B07G4F6XFH/ref=sr_1_19?crid=2M096C61O4MLT&keywords=bags&qid=1679429956&sprefix=ba%2Caps%2C283&sr=8-19,Gear Classic 20L Faux Leather Water Resistant Anti Theft Laptop Bag/Backpack for Men/Women-Brown,"1,075",4.4,"5,456"
http://amazon.in/Safari-Laptop-Backpack-Resistant-Fabric/dp/B09B25Z8M2/ref=sr_1_20?crid=2M096C61O4MLT&keywords=bags&qid=1679429956&sprefix=ba%2Caps%2C283&sr=8-20,"Safari Quill Laptop Backpack 26 Ltrs Water Resistant Fabric - Black, L (QUILL19CBBLK)",799,3.9,719
http://amazon.in/gp/bestsellers/luggage/ref=sr_bs_2_luggage_1,American Tourister 32 Ltrs Black Casual Backpack (AMT FIZZ SCH BAG 02 - BLACK),"1,199",4,"52,313"
http://amazon.in/Skybags-Brat-Black-Casual-Backpack/dp/B08Z1HHHTD/ref=ice_ac_b_dpb?crid=2M096C61O4MLT&keywords=bags&qid=1679429958&sprefix=ba%2Caps%2C283&sr=8-4,Skybags Brat Black 46 Cms Casual Backpack,659,4.1,"3,778"
http://amazon.in/gp/bestsellers/computers/1375464031/ref=sr_bs_4_1375464031_1,Wesley Milestone 2.0 Casual Waterproof Laptop Backpack/Office Bag/School Bag/College Bag/Business Bag/Travel Backpack (Dimensions:13x18 inches) (Compatible with 39.62cm(15.6inch laptop) 30 L (Blue & black),565,4.3,"9,817"
http://amazon.in/ADISA-Laptop-Backpack-Office-College/dp/B09TPX22NF/ref=sr_1_6?crid=2M096C61O4MLT&keywords=bags&qid=1679429958&sprefix=ba%2Caps%2C283&sr=8-6,ADISA 15.6 inch Laptop Backpack Office Bag College Travel Back Pack 32 Ltrs (z-Navy Blue),499,3.8,567
http://amazon.in/Lavie-Sport-Duffle-Luggage-Trolley/dp/B097RJ22Q3/ref=sr_1_7?crid=2M096C61O4MLT&keywords=bags&qid=1679429958&sprefix=ba%2Caps%2C283&sr=8-7,Lavie Sport Lino Large Size 63 cms Wheel Duffle Bag for Travel | Travel Bag with Trolley,949,3.9,"6,308"
http://amazon.in/Half-Moon-Waterproof-Backpack-Students/dp/B085MHDJ93/ref=sr_1_8?crid=2M096C61O4MLT&keywords=bags&qid=1679429958&sprefix=ba%2Caps%2C283&sr=8-8,"Half Moon 35L Water Resistant 15.6 inch Laptop Bag for Men/Backpack for Men, Navy Blue | Office Bag for Men/Office Bag for Women with Padded Laptop Compartment | Rain Cover & Reflective Strips",689,3.9,"15,254"
http://amazon.in/SAFARI-Ltrs-Casual-Backpack-DAYPACKNEO15CBSEB/dp/B07Q7CNPMV/ref=sr_1_9?crid=2M096C61O4MLT&keywords=bags&qid=1679429958&sprefix=ba%2Caps%2C283&sr=8-9,SAFARI 15 Ltrs Sea Blue Casual/School/College Backpack (DAYPACKNEO15CBSEB),299,4,"18,019"
http://amazon.in/GEAR-Black-Blue-Backpack-years/dp/B019HA8AYG/ref=sr_1_10?crid=2M096C61O4MLT&keywords=bags&qid=1679429958&sprefix=ba%2Caps%2C283&sr=8-10,Gear CarryOn 16L Foldable Water Resistant School Bag//Backpack/College Bag for Men/Women - Blue Black,214,3.7,"6,058"
http://amazon.in/American-Tourister-BACKPACK-COMPARTMENT-ORGANIZER/dp/B0BTD4FK9G/ref=sr_1_13?crid=2M096C61O4MLT&keywords=bags&qid=1679429958&sprefix=ba%2Caps%2C283&sr=8-13,"American Tourister VALEX BLUE LAPTOP BACKPACK 28 Ltrs,Volume, LAPTOP COMPARTMENT, BOTTLE POCKET, FRONT ORGANIZER","1,299",4.1,8
http://amazon.in/Half-Moon-Spacious-Backpack-Compartment/dp/B0BLVQ9NTD/ref=sr_1_14?crid=2M096C61O4MLT&keywords=bags&qid=1679429958&sprefix=ba%2Caps%2C283&sr=8-14,Half Moon Strike 35L Unisex Spacious School/Laptop/College/Office Travel Backpack Bag for Men Women Boys & Girls with 15.6 inch Padded Laptop Compartment & Multiple Pockets,699,3.7,116
http://amazon.in/Half-Moon-Backpack-Compartment-Reflective/dp/B0BJ32LQ6X/ref=sr_1_15?crid=2M096C61O4MLT&keywords=bags&qid=1679429958&sprefix=ba%2Caps%2C283&sr=8-15,Half Moon Large 37L Laptop Bag Backpack for menं Women Boys and Girls Luggage Travel Bags with 17.3 inches Laptop Compartment & Rain Cover,849,3.9,"2,343"
http://amazon.in/Number-Backpack-Compartment-Charging-Organizer/dp/B09VTCNN75/ref=sr_1_16?crid=2M096C61O4MLT&keywords=bags&qid=1679429958&sprefix=ba%2Caps%2C283&sr=8-16,"FUR JADEN Anti Theft Number Lock Backpack Bag with 15.6 Inch Laptop Compartment, USB Charging Port & Organizer Pocket for Men Women Boys Girls",689,3.9,"3,128"
http://amazon.in/Backpack-Small-Black-Water-Repellant/dp/B088XB5XY8/ref=sr_1_17?crid=2M096C61O4MLT&keywords=bags&qid=1679429958&sprefix=ba%2Caps%2C283&sr=8-17,"Mi Step Out 12 L Mini Backpack (Small Size, Black, Water Repellant)",398,4.1,"8,164"
http://amazon.in/Gear-Classic-Leather-Backpack-LBPCLSLTH0201/dp/B07G4F6XFH/ref=sr_1_18?crid=2M096C61O4MLT&keywords=bags&qid=1679429958&sprefix=ba%2Caps%2C283&sr=8-18,Gear Classic 20L Faux Leather Water Resistant Anti Theft Laptop Bag/Backpack for Men/Women-Brown,"1,075",4.4,"5,456"
http://amazon.in/Safari-Laptop-Backpack-Resistant-Fabric/dp/B09B25Z8M2/ref=sr_1_19?crid=2M096C61O4MLT&keywords=bags&qid=1679429958&sprefix=ba%2Caps%2C283&sr=8-19,"Safari Quill Laptop Backpack 26 Ltrs Water Resistant Fabric - Black, L (QUILL19CBBLK)",799,3.9,719
http://amazon.in/ADISA-Laptop-Backpack-Office-College/dp/B0BPVLXD53/ref=sr_1_20?crid=2M096C61O4MLT&keywords=bags&qid=1679429958&sprefix=ba%2Caps%2C283&sr=8-20,ADISA 35L Large Laptop Backpack Office Bag College Travel Back Pack with rain Cover (Grey),599,4,32
http://amazon.in/gp/bestsellers/luggage/ref=sr_bs_2_luggage_1,American Tourister 32 Ltrs Black Casual Backpack (AMT FIZZ SCH BAG 02 - BLACK),"1,199",4,"52,313"
http://amazon.in/Skybags-Brat-Black-Casual-Backpack/dp/B08Z1HHHTD/ref=ice_ac_b_dpb?crid=2M096C61O4MLT&keywords=bags&qid=1679429959&sprefix=ba%2Caps%2C283&sr=8-4,Skybags Brat Black 46 Cms Casual Backpack,659,4.1,"3,778"
http://amazon.in/gp/bestsellers/computers/1375464031/ref=sr_bs_4_1375464031_1,Wesley Milestone 2.0 Casual Waterproof Laptop Backpack/Office Bag/School Bag/College Bag/Business Bag/Travel Backpack (Dimensions:13x18 inches) (Compatible with 39.62cm(15.6inch laptop) 30 L (Blue & black),565,4.3,"9,817"
http://amazon.in/ADISA-Laptop-Backpack-Office-College/dp/B09TPX22NF/ref=sr_1_6?crid=2M096C61O4MLT&keywords=bags&qid=1679429959&sprefix=ba%2Caps%2C283&sr=8-6,ADISA 15.6 inch Laptop Backpack Office Bag College Travel Back Pack 32 Ltrs (z-Navy Blue),499,3.8,567
http://amazon.in/Lavie-Sport-Duffle-Luggage-Trolley/dp/B097RJ22Q3/ref=sr_1_7?crid=2M096C61O4MLT&keywords=bags&qid=1679429959&sprefix=ba%2Caps%2C283&sr=8-7,Lavie Sport Lino Large Size 63 cms Wheel Duffle Bag for Travel | Travel Bag with Trolley,949,3.9,"6,308"
http://amazon.in/Half-Moon-Waterproof-Backpack-Students/dp/B085MHDJ93/ref=sr_1_8?crid=2M096C61O4MLT&keywords=bags&qid=1679429959&sprefix=ba%2Caps%2C283&sr=8-8,"Half Moon 35L Water Resistant 15.6 inch Laptop Bag for Men/Backpack for Men, Navy Blue | Office Bag for Men/Office Bag for Women with Padded Laptop Compartment | Rain Cover & Reflective Strips",689,3.9,"15,254"
http://amazon.in/SAFARI-Ltrs-Casual-Backpack-DAYPACKNEO15CBSEB/dp/B07Q7CNPMV/ref=sr_1_9?crid=2M096C61O4MLT&keywords=bags&qid=1679429959&sprefix=ba%2Caps%2C283&sr=8-9,SAFARI 15 Ltrs Sea Blue Casual/School/College Backpack (DAYPACKNEO15CBSEB),299,4,"18,019"
http://amazon.in/GEAR-Black-Blue-Backpack-years/dp/B019HA8AYG/ref=sr_1_10?crid=2M096C61O4MLT&keywords=bags&qid=1679429959&sprefix=ba%2Caps%2C283&sr=8-10,Gear CarryOn 16L Foldable Water Resistant School Bag//Backpack/College Bag for Men/Women - Blue Black,214,3.7,"6,058"
http://amazon.in/American-Tourister-BACKPACK-COMPARTMENT-ORGANIZER/dp/B0BTD4FK9G/ref=sr_1_13?crid=2M096C61O4MLT&keywords=bags&qid=1679429959&sprefix=ba%2Caps%2C283&sr=8-13,"American Tourister VALEX BLUE LAPTOP BACKPACK 28 Ltrs,Volume, LAPTOP COMPARTMENT, BOTTLE POCKET, FRONT ORGANIZER","1,299",4.1,8
http://amazon.in/Half-Moon-Spacious-Backpack-Compartment/dp/B0BLVQ9NTD/ref=sr_1_14?crid=2M096C61O4MLT&keywords=bags&qid=1679429959&sprefix=ba%2Caps%2C283&sr=8-14,Half Moon Strike 35L Unisex Spacious School/Laptop/College/Office Travel Backpack Bag for Men Women Boys & Girls with 15.6 inch Padded Laptop Compartment & Multiple Pockets,699,3.7,116
http://amazon.in/Half-Moon-Backpack-Compartment-Reflective/dp/B0BJ32LQ6X/ref=sr_1_15?crid=2M096C61O4MLT&keywords=bags&qid=1679429959&sprefix=ba%2Caps%2C283&sr=8-15,Half Moon Large 37L Laptop Bag Backpack for menं Women Boys and Girls Luggage Travel Bags with 17.3 inches Laptop Compartment & Rain Cover,849,3.9,"2,343"
http://amazon.in/Number-Backpack-Compartment-Charging-Organizer/dp/B09VTCNN75/ref=sr_1_16?crid=2M096C61O4MLT&keywords=bags&qid=1679429959&sprefix=ba%2Caps%2C283&sr=8-16,"FUR JADEN Anti Theft Number Lock Backpack Bag with 15.6 Inch Laptop Compartment, USB Charging Port & Organizer Pocket for Men Women Boys Girls",689,3.9,"3,128"
http://amazon.in/Backpack-Small-Black-Water-Repellant/dp/B088XB5XY8/ref=sr_1_17?crid=2M096C61O4MLT&keywords=bags&qid=1679429959&sprefix=ba%2Caps%2C283&sr=8-17,"Mi Step Out 12 L Mini Backpack (Small Size, Black, Water Repellant)",398,4.1,"8,164"
http://amazon.in/Gear-Classic-Leather-Backpack-LBPCLSLTH0201/dp/B07G4F6XFH/ref=sr_1_18?crid=2M096C61O4MLT&keywords=bags&qid=1679429959&sprefix=ba%2Caps%2C283&sr=8-18,Gear Classic 20L Faux Leather Water Resistant Anti Theft Laptop Bag/Backpack for Men/Women-Brown,"1,075",4.4,"5,456"
http://amazon.in/Safari-Laptop-Backpack-Resistant-Fabric/dp/B09B25Z8M2/ref=sr_1_19?crid=2M096C61O4MLT&keywords=bags&qid=1679429959&sprefix=ba%2Caps%2C283&sr=8-19,"Safari Quill Laptop Backpack 26 Ltrs Water Resistant Fabric - Black, L (QUILL19CBBLK)",799,3.9,719
http://amazon.in/ADISA-BP005-Weight-Casual-Backpack/dp/B07F3X45WZ/ref=sr_1_20?crid=2M096C61O4MLT&keywords=bags&qid=1679429959&sprefix=ba%2Caps%2C283&sr=8-20,ADISA Light Weight Laptop Backpack 32 Ltrs,499,4,"5,651"
http://amazon.in/gp/bestsellers/luggage/ref=sr_bs_2_luggage_1,American Tourister 32 Ltrs Black Casual Backpack (AMT FIZZ SCH BAG 02 - BLACK),"1,199",4,"52,313"
http://amazon.in/Skybags-Brat-Black-Casual-Backpack/dp/B08Z1HHHTD/ref=ice_ac_b_dpb?crid=2M096C61O4MLT&keywords=bags&qid=1679429961&sprefix=ba%2Caps%2C283&sr=8-4,Skybags Brat Black 46 Cms Casual Backpack,659,4.1,"3,778"
http://amazon.in/gp/bestsellers/computers/1375464031/ref=sr_bs_4_1375464031_1,Wesley Milestone 2.0 Casual Waterproof Laptop Backpack/Office Bag/School Bag/College Bag/Business Bag/Travel Backpack (Dimensions:13x18 inches) (Compatible with 39.62cm(15.6inch laptop) 30 L (Blue & black),565,4.3,"9,817"
http://amazon.in/ADISA-Laptop-Backpack-Office-College/dp/B09TPX22NF/ref=sr_1_6?crid=2M096C61O4MLT&keywords=bags&qid=1679429961&sprefix=ba%2Caps%2C283&sr=8-6,ADISA 15.6 inch Laptop Backpack Office Bag College Travel Back Pack 32 Ltrs (z-Navy Blue),499,3.8,567
http://amazon.in/Lavie-Sport-Duffle-Luggage-Trolley/dp/B097RJ22Q3/ref=sr_1_7?crid=2M096C61O4MLT&keywords=bags&qid=1679429961&sprefix=ba%2Caps%2C283&sr=8-7,Lavie Sport Lino Large Size 63 cms Wheel Duffle Bag for Travel | Travel Bag with Trolley,949,3.9,"6,308"
http://amazon.in/Half-Moon-Waterproof-Backpack-Students/dp/B085MHDJ93/ref=sr_1_8?crid=2M096C61O4MLT&keywords=bags&qid=1679429961&sprefix=ba%2Caps%2C283&sr=8-8,"Half Moon 35L Water Resistant 15.6 inch Laptop Bag for Men/Backpack for Men, Navy Blue | Office Bag for Men/Office Bag for Women with Padded Laptop Compartment | Rain Cover & Reflective Strips",689,3.9,"15,254"
http://amazon.in/gp/bestsellers/kitchen/6802467031/ref=sr_bs_8_6802467031_1,"Amazon Brand - Presto! Oxo-Biodegradable Garbage Bags, Medium - 30 bags/roll (Pack of 6)",379,4.3,"30,133"
http://amazon.in/SAFARI-Ltrs-Casual-Backpack-DAYPACKNEO15CBSEB/dp/B07Q7CNPMV/ref=sr_1_10?crid=2M096C61O4MLT&keywords=bags&qid=1679429961&sprefix=ba%2Caps%2C283&sr=8-10,SAFARI 15 Ltrs Sea Blue Casual/School/College Backpack (DAYPACKNEO15CBSEB),299,4,"18,019"
http://amazon.in/GEAR-Black-Blue-Backpack-years/dp/B019HA8AYG/ref=sr_1_13?crid=2M096C61O4MLT&keywords=bags&qid=1679429961&sprefix=ba%2Caps%2C283&sr=8-13,Gear CarryOn 16L Foldable Water Resistant School Bag//Backpack/College Bag for Men/Women - Blue Black,214,3.7,"6,058"
http://amazon.in/American-Tourister-BACKPACK-COMPARTMENT-ORGANIZER/dp/B0BTD4FK9G/ref=sr_1_14?crid=2M096C61O4MLT&keywords=bags&qid=1679429961&sprefix=ba%2Caps%2C283&sr=8-14,"American Tourister VALEX BLUE LAPTOP BACKPACK 28 Ltrs,Volume, LAPTOP COMPARTMENT, BOTTLE POCKET, FRONT ORGANIZER","1,299",4.1,8
http://amazon.in/Half-Moon-Spacious-Backpack-Compartment/dp/B0BLVQ9NTD/ref=sr_1_15?crid=2M096C61O4MLT&keywords=bags&qid=1679429961&sprefix=ba%2Caps%2C283&sr=8-15,Half Moon Strike 35L Unisex Spacious School/Laptop/College/Office Travel Backpack Bag for Men Women Boys & Girls with 15.6 inch Padded Laptop Compartment & Multiple Pockets,699,3.7,116
http://amazon.in/Half-Moon-Backpack-Compartment-Reflective/dp/B0BJ32LQ6X/ref=sr_1_16?crid=2M096C61O4MLT&keywords=bags&qid=1679429961&sprefix=ba%2Caps%2C283&sr=8-16,Half Moon Large 37L Laptop Bag Backpack for menं Women Boys and Girls Luggage Travel Bags with 17.3 inches Laptop Compartment & Rain Cover,849,3.9,"2,343"
http://amazon.in/Number-Backpack-Compartment-Charging-Organizer/dp/B09VTCNN75/ref=sr_1_17?crid=2M096C61O4MLT&keywords=bags&qid=1679429961&sprefix=ba%2Caps%2C283&sr=8-17,"FUR JADEN Anti Theft Number Lock Backpack Bag with 15.6 Inch Laptop Compartment, USB Charging Port & Organizer Pocket for Men Women Boys Girls",689,3.9,"3,128"
http://amazon.in/Backpack-Small-Black-Water-Repellant/dp/B088XB5XY8/ref=sr_1_18?crid=2M096C61O4MLT&keywords=bags&qid=1679429961&sprefix=ba%2Caps%2C283&sr=8-18,"Mi Step Out 12 L Mini Backpack (Small Size, Black, Water Repellant)",398,4.1,"8,164"
http://amazon.in/Gear-Classic-Leather-Backpack-LBPCLSLTH0201/dp/B07G4F6XFH/ref=sr_1_19?crid=2M096C61O4MLT&keywords=bags&qid=1679429961&sprefix=ba%2Caps%2C283&sr=8-19,Gear Classic 20L Faux Leather Water Resistant Anti Theft Laptop Bag/Backpack for Men/Women-Brown,"1,075",4.4,"5,456"
http://amazon.in/Safari-Laptop-Backpack-Resistant-Fabric/dp/B09B25Z8M2/ref=sr_1_20?crid=2M096C61O4MLT&keywords=bags&qid=1679429961&sprefix=ba%2Caps%2C283&sr=8-20,"Safari Quill Laptop Backpack 26 Ltrs Water Resistant Fabric - Black, L (QUILL19CBBLK)",799,3.9,719
http://amazon.in/gp/bestsellers/luggage/ref=sr_bs_2_luggage_1,American Tourister 32 Ltrs Black Casual Backpack (AMT FIZZ SCH BAG 02 - BLACK),"1,199",4,"52,313"
http://amazon.in/Skybags-Brat-Black-Casual-Backpack/dp/B08Z1HHHTD/ref=ice_ac_b_dpb?crid=2M096C61O4MLT&keywords=bags&qid=1679429962&sprefix=ba%2Caps%2C283&sr=8-4,Skybags Brat Black 46 Cms Casual Backpack,659,4.1,"3,778"
http://amazon.in/gp/bestsellers/computers/1375464031/ref=sr_bs_4_1375464031_1,Wesley Milestone 2.0 Casual Waterproof Laptop Backpack/Office Bag/School Bag/College Bag/Business Bag/Travel Backpack (Dimensions:13x18 inches) (Compatible with 39.62cm(15.6inch laptop) 30 L (Blue & black),565,4.3,"9,817"
http://amazon.in/ADISA-Laptop-Backpack-Office-College/dp/B09TPX22NF/ref=sr_1_6?crid=2M096C61O4MLT&keywords=bags&qid=1679429962&sprefix=ba%2Caps%2C283&sr=8-6,ADISA 15.6 inch Laptop Backpack Office Bag College Travel Back Pack 32 Ltrs (z-Navy Blue),499,3.8,567
http://amazon.in/Lavie-Sport-Duffle-Luggage-Trolley/dp/B097RJ22Q3/ref=sr_1_7?crid=2M096C61O4MLT&keywords=bags&qid=1679429962&sprefix=ba%2Caps%2C283&sr=8-7,Lavie Sport Lino Large Size 63 cms Wheel Duffle Bag for Travel | Travel Bag with Trolley,949,3.9,"6,308"
http://amazon.in/Half-Moon-Waterproof-Backpack-Students/dp/B085MHDJ93/ref=sr_1_8?crid=2M096C61O4MLT&keywords=bags&qid=1679429962&sprefix=ba%2Caps%2C283&sr=8-8,"Half Moon 35L Water Resistant 15.6 inch Laptop Bag for Men/Backpack for Men, Navy Blue | Office Bag for Men/Office Bag for Women with Padded Laptop Compartment | Rain Cover & Reflective Strips",689,3.9,"15,254"
http://amazon.in/gp/bestsellers/kitchen/6802467031/ref=sr_bs_8_6802467031_1,"Amazon Brand - Presto! Oxo-Biodegradable Garbage Bags, Medium - 30 bags/roll (Pack of 6)",379,4.3,"30,133"
http://amazon.in/SAFARI-Ltrs-Casual-Backpack-DAYPACKNEO15CBSEB/dp/B07Q7CNPMV/ref=sr_1_10?crid=2M096C61O4MLT&keywords=bags&qid=1679429962&sprefix=ba%2Caps%2C283&sr=8-10,SAFARI 15 Ltrs Sea Blue Casual/School/College Backpack (DAYPACKNEO15CBSEB),299,4,"18,019"
http://amazon.in/GEAR-Black-Blue-Backpack-years/dp/B019HA8AYG/ref=sr_1_13?crid=2M096C61O4MLT&keywords=bags&qid=1679429962&sprefix=ba%2Caps%2C283&sr=8-13,Gear CarryOn 16L Foldable Water Resistant School Bag//Backpack/College Bag for Men/Women - Blue Black,214,3.7,"6,058"
http://amazon.in/American-Tourister-BACKPACK-COMPARTMENT-ORGANIZER/dp/B0BTD4FK9G/ref=sr_1_14?crid=2M096C61O4MLT&keywords=bags&qid=1679429962&sprefix=ba%2Caps%2C283&sr=8-14,"American Tourister VALEX BLUE LAPTOP BACKPACK 28 Ltrs,Volume, LAPTOP COMPARTMENT, BOTTLE POCKET, FRONT ORGANIZER","1,299",4.1,8
http://amazon.in/Half-Moon-Spacious-Backpack-Compartment/dp/B0BLVQ9NTD/ref=sr_1_15?crid=2M096C61O4MLT&keywords=bags&qid=1679429962&sprefix=ba%2Caps%2C283&sr=8-15,Half Moon Strike 35L Unisex Spacious School/Laptop/College/Office Travel Backpack Bag for Men Women Boys & Girls with 15.6 inch Padded Laptop Compartment & Multiple Pockets,699,3.7,116
http://amazon.in/Half-Moon-Backpack-Compartment-Reflective/dp/B0BJ32LQ6X/ref=sr_1_16?crid=2M096C61O4MLT&keywords=bags&qid=1679429962&sprefix=ba%2Caps%2C283&sr=8-16,Half Moon Large 37L Laptop Bag Backpack for menं Women Boys and Girls Luggage Travel Bags with 17.3 inches Laptop Compartment & Rain Cover,849,3.9,"2,343"
http://amazon.in/Number-Backpack-Compartment-Charging-Organizer/dp/B09VTCNN75/ref=sr_1_17?crid=2M096C61O4MLT&keywords=bags&qid=1679429962&sprefix=ba%2Caps%2C283&sr=8-17,"FUR JADEN Anti Theft Number Lock Backpack Bag with 15.6 Inch Laptop Compartment, USB Charging Port & Organizer Pocket for Men Women Boys Girls",689,3.9,"3,128"
http://amazon.in/Backpack-Small-Black-Water-Repellant/dp/B088XB5XY8/ref=sr_1_18?crid=2M096C61O4MLT&keywords=bags&qid=1679429962&sprefix=ba%2Caps%2C283&sr=8-18,"Mi Step Out 12 L Mini Backpack (Small Size, Black, Water Repellant)",398,4.1,"8,164"
http://amazon.in/Gear-Classic-Leather-Backpack-LBPCLSLTH0201/dp/B07G4F6XFH/ref=sr_1_19?crid=2M096C61O4MLT&keywords=bags&qid=1679429962&sprefix=ba%2Caps%2C283&sr=8-19,Gear Classic 20L Faux Leather Water Resistant Anti Theft Laptop Bag/Backpack for Men/Women-Brown,"1,075",4.4,"5,456"
http://amazon.in/Safari-Laptop-Backpack-Resistant-Fabric/dp/B09B25Z8M2/ref=sr_1_20?crid=2M096C61O4MLT&keywords=bags&qid=1679429962&sprefix=ba%2Caps%2C283&sr=8-20,"Safari Quill Laptop Backpack 26 Ltrs Water Resistant Fabric - Black, L (QUILL19CBBLK)",799,3.9,719
http://amazon.in/ADISA-Laptop-Backpack-Office-College/dp/B0BPVLXD53/ref=sr_1_23?crid=2M096C61O4MLT&keywords=bags&qid=1679429962&sprefix=ba%2Caps%2C283&sr=8-23,ADISA 35L Large Laptop Backpack Office Bag College Travel Back Pack with rain Cover (Grey),599,4,32
http://amazon.in/ADISA-BP005-Weight-Casual-Backpack/dp/B07F3X45WZ/ref=sr_1_24?crid=2M096C61O4MLT&keywords=bags&qid=1679429962&sprefix=ba%2Caps%2C283&sr=8-24,ADISA Light Weight Laptop Backpack 32 Ltrs,499,4,"5,651"
http://amazon.in/Half-Moon-Backpack-Luggage-Compartment/dp/B09VCLZ3K4/ref=sr_1_25?crid=2M096C61O4MLT&keywords=bags&qid=1679429962&sprefix=ba%2Caps%2C283&sr=8-25,Half Moon Large 37L Laptop Bag Backpack for menं Women Boys and Girls Luggage Travel Bags with 17.3 inches Laptop Compartment & Rain Cover,849,3.9,"2,343"
http://amazon.in/Gear-Black-Laptop-Backpack-LBPASPIRE0104/dp/B075MK4TXP/ref=sr_1_26?crid=2M096C61O4MLT&keywords=bags&qid=1679429962&sprefix=ba%2Caps%2C283&sr=8-26,Gear Aspire 30L Water Restant Office Laptop Bag/Backpack for Men/Women/(Black),"1,131",4.3,"5,169"
http://amazon.in/Wesley-Milestone-Waterproof-Backpack-Business/dp/B07PLKV6D1/ref=sr_1_27?crid=2M096C61O4MLT&keywords=bags&qid=1679429962&sprefix=ba%2Caps%2C283&sr=8-27,Wesley Milestone 15.6 inch 25 L Casual Waterproof Laptop Backpack/Office Bag/School Bag/College Bag/Business Bag/Unisex Travel Backpack,473,4.3,"12,346"
http://amazon.in/Rucksack-Travel-Backpack-Trekking-Compartment/dp/B07YDGQQN5/ref=sr_1_28?crid=2M096C61O4MLT&keywords=bags&qid=1679429962&sprefix=ba%2Caps%2C283&sr=8-28,"Fur Jaden 55 LTR Rucksack Travel Backpack Bag for Trekking, Hiking with Shoe Compartment",839,4.2,"4,961"
http://amazon.in/Safari-Backpack-Resistant-Polyester-Travelling/dp/B09B29F66W/ref=sr_1_29?crid=2M096C61O4MLT&keywords=bags&qid=1679429962&sprefix=ba%2Caps%2C283&sr=8-29,"Safari Flash Casual Backpack, 26 ltr Water Resistant Travel Bags| Weight Polyester Bagpack for Men and Women, Spacious Shoulder Bag for College, Office, Travelling and Camping",799,3.9,"2,431"
http://amazon.in/American-Tourister-AMT-SCH-BAG01/dp/B07CJCFNZG/ref=sr_1_30?crid=2M096C61O4MLT&keywords=bags&qid=1679429962&sprefix=ba%2Caps%2C283&sr=8-30,American Tourister Casual Backpack,"1,139",4.1,"14,468"
http://amazon.in/F-Gear-Luxur-Brown-Backpack/dp/B01F7AX9ZA/ref=sr_1_31?crid=2M096C61O4MLT&keywords=bags&qid=1679429962&sprefix=ba%2Caps%2C283&sr=8-31,F Gear Luxur Brown 25 liter Laptop Backpack (2404),"1,032",4.4,"16,468"
http://amazon.in/Fur-Jaden-Black-Waterproof-Backpack/dp/B078GLXMDY/ref=sr_1_32?crid=2M096C61O4MLT&keywords=bags&qid=1679429962&sprefix=ba%2Caps%2C283&sr=8-32,Fur Jaden Anti Theft Backpack 15.6 Inch Laptop Bag with USB Charging Port,799,4,"10,758"
http://amazon.in/Wesley-Milestone-Waterproof-Backpack-Business/dp/B085S444JV/ref=sr_1_33?crid=2M096C61O4MLT&keywords=bags&qid=1679429962&sprefix=ba%2Caps%2C283&sr=8-33,"Wesley Milestone 2.0 Casual Waterproof Laptop Backpack/Office Bag/School Bag/College Bag/Business Bag/Travel Backpack (Dimensions:13x18 inches) (Compatible with 39.62cm(15.6inch laptop) 30 L, Charcoal black",565,4.3,"9,817"
http://amazon.in/Step-Backpack-Small-Water-Repellant/dp/B088XH1BP7/ref=sr_1_34?crid=2M096C61O4MLT&keywords=bags&qid=1679429962&sprefix=ba%2Caps%2C283&sr=8-34,"Mi Step Out 12 L Mini Backpack (Small Size, Dark Blue, Water Repellant)",299,4.1,"8,164"
http://amazon.in/Nivia-6853-Polyester-Basic-Duffle/dp/B07FWQ9HRV/ref=sr_1_35?crid=2M096C61O4MLT&keywords=bags&qid=1679429962&sprefix=ba%2Caps%2C283&sr=8-35,NIVIA Basic Duffle Polyester Bag/Gym Bags/Adjustable Shoulder Bag for Men/Duffle Gym Bags for Men/Fitness Bag/Carry Bags/Sports & Travel Bag/Sports Kit/Duffle Bags Travel,239,4,"3,118"
http://amazon.in/TRAWOC-Backpack-Trekking-Rucksack-Warranty/dp/B0847PGZZM/ref=sr_1_36?crid=2M096C61O4MLT&keywords=bags&qid=1679429962&sprefix=ba%2Caps%2C283&sr=8-36,TRAWOC 80L Travel Backpack for Men & Women Outdoor Sport Camp Hiking Trekking Bag Camping Rucksack,"2,380",4.4,"6,927"
http://amazon.in/Safari-Laptop-Backpack-Resistant-Fabric/dp/B09B28TKLG/ref=sr_1_37?crid=2M096C61O4MLT&keywords=bags&qid=1679429962&sprefix=ba%2Caps%2C283&sr=8-37,"Safari Quill Laptop Backpack 26 Ltrs Water Resistant Fabric - Blue, L (QUILL19CBBLU)",799,4.1,495
http://amazon.in/AirCase-C34-Laptop-Backpack-Women/dp/B07QN4KXWG/ref=sr_1_38?crid=2M096C61O4MLT&keywords=bags&qid=1679429962&sprefix=ba%2Caps%2C283&sr=8-38,"AirCase Laptop Bag Backpack Case Pouch for Laptop Backpack for Men & Women,Premium Vegan Leather",929,3.9,752
http://amazon.in/gp/bestsellers/luggage/ref=sr_bs_2_luggage_1,American Tourister 32 Ltrs Black Casual Backpack (AMT FIZZ SCH BAG 02 - BLACK),"1,199",4,"52,313"
http://amazon.in/gp/bestsellers/computers/1375464031/ref=sr_bs_3_1375464031_1,Wesley Milestone 2.0 Casual Waterproof Laptop Backpack/Office Bag/School Bag/College Bag/Business Bag/Travel Backpack (Dimensions:13x18 inches) (Compatible with 39.62cm(15.6inch laptop) 30 L (Blue & black),565,4.3,"9,817"
http://amazon.in/Skybags-Brat-Black-Casual-Backpack/dp/B08Z1HHHTD/ref=ice_ac_b_dpb?crid=2M096C61O4MLT&keywords=bags&qid=1679429964&sprefix=ba%2Caps%2C283&sr=8-5,Skybags Brat Black 46 Cms Casual Backpack,659,4.1,"3,778"
http://amazon.in/Lavie-Sport-Duffle-Luggage-Trolley/dp/B097RJ22Q3/ref=sr_1_6?crid=2M096C61O4MLT&keywords=bags&qid=1679429964&sprefix=ba%2Caps%2C283&sr=8-6,Lavie Sport Lino Large Size 63 cms Wheel Duffle Bag for Travel | Travel Bag with Trolley,949,3.9,"6,308"
http://amazon.in/ADISA-Laptop-Backpack-Office-College/dp/B09TPX22NF/ref=sr_1_7?crid=2M096C61O4MLT&keywords=bags&qid=1679429964&sprefix=ba%2Caps%2C283&sr=8-7,ADISA 15.6 inch Laptop Backpack Office Bag College Travel Back Pack 32 Ltrs (z-Navy Blue),499,3.8,567
http://amazon.in/Number-Backpack-Compartment-Charging-Organizer/dp/B09VTCNN75/ref=sr_1_8?crid=2M096C61O4MLT&keywords=bags&qid=1679429964&sprefix=ba%2Caps%2C283&sr=8-8,"FUR JADEN Anti Theft Number Lock Backpack Bag with 15.6 Inch Laptop Compartment, USB Charging Port & Organizer Pocket for Men Women Boys Girls",689,3.9,"3,128"
http://amazon.in/Half-Moon-Waterproof-Backpack-Students/dp/B085MHDJ93/ref=sr_1_9?crid=2M096C61O4MLT&keywords=bags&qid=1679429964&sprefix=ba%2Caps%2C283&sr=8-9,"Half Moon 35L Water Resistant 15.6 inch Laptop Bag for Men/Backpack for Men, Navy Blue | Office Bag for Men/Office Bag for Women with Padded Laptop Compartment | Rain Cover & Reflective Strips",689,3.9,"15,254"
http://amazon.in/GEAR-Black-Blue-Backpack-years/dp/B019HA8AYG/ref=sr_1_10?crid=2M096C61O4MLT&keywords=bags&qid=1679429964&sprefix=ba%2Caps%2C283&sr=8-10,Gear CarryOn 16L Foldable Water Resistant School Bag//Backpack/College Bag for Men/Women - Blue Black,214,3.7,"6,058"
http://amazon.in/FUR-JADEN-Leatherette-Polypropylene-DUFF05/dp/B07M9BRCQ5/ref=sr_1_13?crid=2M096C61O4MLT&keywords=bags&qid=1679429964&sprefix=ba%2Caps%2C283&sr=8-13,Fur Jaden Brown Textured Leatherette Stylish & Spacious Weekender Duffle Bag for Travel,889,4.3,"5,559"
http://amazon.in/Gear-Black-Laptop-Backpack-LBPASPIRE0104/dp/B075MK4TXP/ref=sr_1_14?crid=2M096C61O4MLT&keywords=bags&qid=1679429964&sprefix=ba%2Caps%2C283&sr=8-14,Gear Aspire 30L Water Restant Office Laptop Bag/Backpack for Men/Women/(Black),"1,131",4.3,"5,169"
http://amazon.in/SAFARI-Ltrs-Casual-Backpack-DAYPACKNEO15CBSEB/dp/B07Q7CNPMV/ref=sr_1_15?crid=2M096C61O4MLT&keywords=bags&qid=1679429964&sprefix=ba%2Caps%2C283&sr=8-15,SAFARI 15 Ltrs Sea Blue Casual/School/College Backpack (DAYPACKNEO15CBSEB),299,4,"18,019"
http://amazon.in/Lunars-Bingo-Laptop-Resistant-48L/dp/B08YZ8FFBZ/ref=sr_1_16?crid=2M096C61O4MLT&keywords=bags&qid=1679429964&sprefix=ba%2Caps%2C283&sr=8-16,Lunar's Bingo - 48 L Laptop Office/School/Travel/Business Backpack Water Resistant - Fits Up to 15.6 Inch Laptop Notebook with 1 Year Warranty,899,3.9,"9,049"
http://amazon.in/Rucksack-Travel-Backpack-Trekking-Compartment/dp/B07YDGQQN5/ref=sr_1_17?crid=2M096C61O4MLT&keywords=bags&qid=1679429964&sprefix=ba%2Caps%2C283&sr=8-17,"Fur Jaden 55 LTR Rucksack Travel Backpack Bag for Trekking, Hiking with Shoe Compartment",839,4.2,"4,961"
http://amazon.in/Wesley-Milestone-Waterproof-Backpack-Business/dp/B085S444JV/ref=sr_1_18?crid=2M096C61O4MLT&keywords=bags&qid=1679429964&sprefix=ba%2Caps%2C283&sr=8-18,"Wesley Milestone 2.0 Casual Waterproof Laptop Backpack/Office Bag/School Bag/College Bag/Business Bag/Travel Backpack (Dimensions:13x18 inches) (Compatible with 39.62cm(15.6inch laptop) 30 L, Charcoal black",565,4.3,"9,817"
http://amazon.in/Half-Moon-Spacious-Backpack-Compartment/dp/B0BLVQ9NTD/ref=sr_1_19?crid=2M096C61O4MLT&keywords=bags&qid=1679429964&sprefix=ba%2Caps%2C283&sr=8-19,Half Moon Strike 35L Unisex Spacious School/Laptop/College/Office Travel Backpack Bag for Men Women Boys & Girls with 15.6 inch Padded Laptop Compartment & Multiple Pockets,699,3.7,116
http://amazon.in/American-Tourister-BACKPACK-COMPARTMENT-ORGANIZER/dp/B0BTD4FK9G/ref=sr_1_20?crid=2M096C61O4MLT&keywords=bags&qid=1679429964&sprefix=ba%2Caps%2C283&sr=8-20,"American Tourister VALEX BLUE LAPTOP BACKPACK 28 Ltrs,Volume, LAPTOP COMPARTMENT, BOTTLE POCKET, FRONT ORGANIZER","1,299",4.1,8
http://amazon.in/gp/bestsellers/luggage/ref=sr_bs_2_luggage_1,American Tourister 32 Ltrs Black Casual Backpack (AMT FIZZ SCH BAG 02 - BLACK),"1,199",4,"52,313"
http://amazon.in/Skybags-Brat-Black-Casual-Backpack/dp/B08Z1HHHTD/ref=ice_ac_b_dpb?crid=2M096C61O4MLT&keywords=bags&qid=1679429965&sprefix=ba%2Caps%2C283&sr=8-4,Skybags Brat Black 46 Cms Casual Backpack,659,4.1,"3,778"
http://amazon.in/gp/bestsellers/computers/1375464031/ref=sr_bs_4_1375464031_1,Wesley Milestone 2.0 Casual Waterproof Laptop Backpack/Office Bag/School Bag/College Bag/Business Bag/Travel Backpack (Dimensions:13x18 inches) (Compatible with 39.62cm(15.6inch laptop) 30 L (Blue & black),565,4.3,"9,817"
http://amazon.in/Lavie-Sport-Duffle-Luggage-Trolley/dp/B097RJ22Q3/ref=sr_1_6?crid=2M096C61O4MLT&keywords=bags&qid=1679429965&sprefix=ba%2Caps%2C283&sr=8-6,Lavie Sport Lino Large Size 63 cms Wheel Duffle Bag for Travel | Travel Bag with Trolley,949,3.9,"6,308"
http://amazon.in/ADISA-Laptop-Backpack-Office-College/dp/B09TPX22NF/ref=sr_1_7?crid=2M096C61O4MLT&keywords=bags&qid=1679429965&sprefix=ba%2Caps%2C283&sr=8-7,ADISA 15.6 inch Laptop Backpack Office Bag College Travel Back Pack 32 Ltrs (z-Navy Blue),499,3.8,567
http://amazon.in/Half-Moon-Waterproof-Backpack-Students/dp/B085MHDJ93/ref=sr_1_8?crid=2M096C61O4MLT&keywords=bags&qid=1679429965&sprefix=ba%2Caps%2C283&sr=8-8,"Half Moon 35L Water Resistant 15.6 inch Laptop Bag for Men/Backpack for Men, Navy Blue | Office Bag for Men/Office Bag for Women with Padded Laptop Compartment | Rain Cover & Reflective Strips",689,3.9,"15,254"
http://amazon.in/SAFARI-Ltrs-Casual-Backpack-DAYPACKNEO15CBSEB/dp/B07Q7CNPMV/ref=sr_1_9?crid=2M096C61O4MLT&keywords=bags&qid=1679429965&sprefix=ba%2Caps%2C283&sr=8-9,SAFARI 15 Ltrs Sea Blue Casual/School/College Backpack (DAYPACKNEO15CBSEB),299,4,"18,019"
http://amazon.in/GEAR-Black-Blue-Backpack-years/dp/B019HA8AYG/ref=sr_1_10?crid=2M096C61O4MLT&keywords=bags&qid=1679429965&sprefix=ba%2Caps%2C283&sr=8-10,Gear CarryOn 16L Foldable Water Resistant School Bag//Backpack/College Bag for Men/Women - Blue Black,214,3.7,"6,058"
http://amazon.in/Half-Moon-Spacious-Backpack-Compartment/dp/B0BLVQ9NTD/ref=sr_1_13?crid=2M096C61O4MLT&keywords=bags&qid=1679429965&sprefix=ba%2Caps%2C283&sr=8-13,Half Moon Strike 35L Unisex Spacious School/Laptop/College/Office Travel Backpack Bag for Men Women Boys & Girls with 15.6 inch Padded Laptop Compartment & Multiple Pockets,699,3.7,116
http://amazon.in/American-Tourister-BACKPACK-COMPARTMENT-ORGANIZER/dp/B0BTD4FK9G/ref=sr_1_14?crid=2M096C61O4MLT&keywords=bags&qid=1679429965&sprefix=ba%2Caps%2C283&sr=8-14,"American Tourister VALEX BLUE LAPTOP BACKPACK 28 Ltrs,Volume, LAPTOP COMPARTMENT, BOTTLE POCKET, FRONT ORGANIZER","1,299",4.1,8
http://amazon.in/Half-Moon-Backpack-Compartment-Reflective/dp/B0BJ32LQ6X/ref=sr_1_15?crid=2M096C61O4MLT&keywords=bags&qid=1679429965&sprefix=ba%2Caps%2C283&sr=8-15,Half Moon Large 37L Laptop Bag Backpack for menं Women Boys and Girls Luggage Travel Bags with 17.3 inches Laptop Compartment & Rain Cover,849,3.9,"2,343"
http://amazon.in/Number-Backpack-Compartment-Charging-Organizer/dp/B09VTCNN75/ref=sr_1_16?crid=2M096C61O4MLT&keywords=bags&qid=1679429965&sprefix=ba%2Caps%2C283&sr=8-16,"FUR JADEN Anti Theft Number Lock Backpack Bag with 15.6 Inch Laptop Compartment, USB Charging Port & Organizer Pocket for Men Women Boys Girls",689,3.9,"3,128"
http://amazon.in/Backpack-Small-Black-Water-Repellant/dp/B088XB5XY8/ref=sr_1_17?crid=2M096C61O4MLT&keywords=bags&qid=1679429965&sprefix=ba%2Caps%2C283&sr=8-17,"Mi Step Out 12 L Mini Backpack (Small Size, Black, Water Repellant)",398,4.1,"8,164"
http://amazon.in/Gear-Classic-Leather-Backpack-LBPCLSLTH0201/dp/B07G4F6XFH/ref=sr_1_18?crid=2M096C61O4MLT&keywords=bags&qid=1679429965&sprefix=ba%2Caps%2C283&sr=8-18,Gear Classic 20L Faux Leather Water Resistant Anti Theft Laptop Bag/Backpack for Men/Women-Brown,"1,075",4.4,"5,456"
http://amazon.in/ADISA-Laptop-Backpack-Office-College/dp/B0BPVLXD53/ref=sr_1_19?crid=2M096C61O4MLT&keywords=bags&qid=1679429965&sprefix=ba%2Caps%2C283&sr=8-19,ADISA 35L Large Laptop Backpack Office Bag College Travel Back Pack with rain Cover (Grey),599,4,32
http://amazon.in/Safari-Laptop-Backpack-Resistant-Fabric/dp/B09B25Z8M2/ref=sr_1_20?crid=2M096C61O4MLT&keywords=bags&qid=1679429965&sprefix=ba%2Caps%2C283&sr=8-20,"Safari Quill Laptop Backpack 26 Ltrs Water Resistant Fabric - Black, L (QUILL19CBBLK)",799,3.9,719
http://amazon.in/gp/bestsellers/luggage/ref=sr_bs_2_luggage_1,American Tourister 32 Ltrs Black Casual Backpack (AMT FIZZ SCH BAG 02 - BLACK),"1,199",4,"52,313"
http://amazon.in/Skybags-Brat-Black-Casual-Backpack/dp/B08Z1HHHTD/ref=ice_ac_b_dpb?crid=2M096C61O4MLT&keywords=bags&qid=1679429967&sprefix=ba%2Caps%2C283&sr=8-4,Skybags Brat Black 46 Cms Casual Backpack,659,4.1,"3,778"
http://amazon.in/gp/bestsellers/computers/1375464031/ref=sr_bs_4_1375464031_1,Wesley Milestone 2.0 Casual Waterproof Laptop Backpack/Office Bag/School Bag/College Bag/Business Bag/Travel Backpack (Dimensions:13x18 inches) (Compatible with 39.62cm(15.6inch laptop) 30 L (Blue & black),565,4.3,"9,817"
http://amazon.in/ADISA-Laptop-Backpack-Office-College/dp/B09TPX22NF/ref=sr_1_6?crid=2M096C61O4MLT&keywords=bags&qid=1679429967&sprefix=ba%2Caps%2C283&sr=8-6,ADISA 15.6 inch Laptop Backpack Office Bag College Travel Back Pack 32 Ltrs (z-Navy Blue),499,3.8,567
http://amazon.in/Lavie-Sport-Duffle-Luggage-Trolley/dp/B097RJ22Q3/ref=sr_1_7?crid=2M096C61O4MLT&keywords=bags&qid=1679429967&sprefix=ba%2Caps%2C283&sr=8-7,Lavie Sport Lino Large Size 63 cms Wheel Duffle Bag for Travel | Travel Bag with Trolley,949,3.9,"6,308"
http://amazon.in/Half-Moon-Waterproof-Backpack-Students/dp/B085MHDJ93/ref=sr_1_8?crid=2M096C61O4MLT&keywords=bags&qid=1679429967&sprefix=ba%2Caps%2C283&sr=8-8,"Half Moon 35L Water Resistant 15.6 inch Laptop Bag for Men/Backpack for Men, Navy Blue | Office Bag for Men/Office Bag for Women with Padded Laptop Compartment | Rain Cover & Reflective Strips",689,3.9,"15,254"
http://amazon.in/gp/bestsellers/kitchen/6802467031/ref=sr_bs_8_6802467031_1,"Amazon Brand - Presto! Oxo-Biodegradable Garbage Bags, Medium - 30 bags/roll (Pack of 6)",379,4.3,"30,133"
http://amazon.in/SAFARI-Ltrs-Casual-Backpack-DAYPACKNEO15CBSEB/dp/B07Q7CNPMV/ref=sr_1_10?crid=2M096C61O4MLT&keywords=bags&qid=1679429967&sprefix=ba%2Caps%2C283&sr=8-10,SAFARI 15 Ltrs Sea Blue Casual/School/College Backpack (DAYPACKNEO15CBSEB),299,4,"18,019"
http://amazon.in/GEAR-Black-Blue-Backpack-years/dp/B019HA8AYG/ref=sr_1_13?crid=2M096C61O4MLT&keywords=bags&qid=1679429967&sprefix=ba%2Caps%2C283&sr=8-13,Gear CarryOn 16L Foldable Water Resistant School Bag//Backpack/College Bag for Men/Women - Blue Black,214,3.7,"6,058"
http://amazon.in/American-Tourister-BACKPACK-COMPARTMENT-ORGANIZER/dp/B0BTD4FK9G/ref=sr_1_14?crid=2M096C61O4MLT&keywords=bags&qid=1679429967&sprefix=ba%2Caps%2C283&sr=8-14,"American Tourister VALEX BLUE LAPTOP BACKPACK 28 Ltrs,Volume, LAPTOP COMPARTMENT, BOTTLE POCKET, FRONT ORGANIZER","1,299",4.1,8
http://amazon.in/Half-Moon-Spacious-Backpack-Compartment/dp/B0BLVQ9NTD/ref=sr_1_15?crid=2M096C61O4MLT&keywords=bags&qid=1679429967&sprefix=ba%2Caps%2C283&sr=8-15,Half Moon Strike 35L Unisex Spacious School/Laptop/College/Office Travel Backpack Bag for Men Women Boys & Girls with 15.6 inch Padded Laptop Compartment & Multiple Pockets,699,3.7,116
http://amazon.in/Half-Moon-Backpack-Compartment-Reflective/dp/B0BJ32LQ6X/ref=sr_1_16?crid=2M096C61O4MLT&keywords=bags&qid=1679429967&sprefix=ba%2Caps%2C283&sr=8-16,Half Moon Large 37L Laptop Bag Backpack for menं Women Boys and Girls Luggage Travel Bags with 17.3 inches Laptop Compartment & Rain Cover,849,3.9,"2,343"
http://amazon.in/Number-Backpack-Compartment-Charging-Organizer/dp/B09VTCNN75/ref=sr_1_17?crid=2M096C61O4MLT&keywords=bags&qid=1679429967&sprefix=ba%2Caps%2C283&sr=8-17,"FUR JADEN Anti Theft Number Lock Backpack Bag with 15.6 Inch Laptop Compartment, USB Charging Port & Organizer Pocket for Men Women Boys Girls",689,3.9,"3,128"
http://amazon.in/Backpack-Small-Black-Water-Repellant/dp/B088XB5XY8/ref=sr_1_18?crid=2M096C61O4MLT&keywords=bags&qid=1679429967&sprefix=ba%2Caps%2C283&sr=8-18,"Mi Step Out 12 L Mini Backpack (Small Size, Black, Water Repellant)",398,4.1,"8,164"
http://amazon.in/Gear-Classic-Leather-Backpack-LBPCLSLTH0201/dp/B07G4F6XFH/ref=sr_1_19?crid=2M096C61O4MLT&keywords=bags&qid=1679429967&sprefix=ba%2Caps%2C283&sr=8-19,Gear Classic 20L Faux Leather Water Resistant Anti Theft Laptop Bag/Backpack for Men/Women-Brown,"1,075",4.4,"5,456"
http://amazon.in/Safari-Laptop-Backpack-Resistant-Fabric/dp/B09B25Z8M2/ref=sr_1_20?crid=2M096C61O4MLT&keywords=bags&qid=1679429967&sprefix=ba%2Caps%2C283&sr=8-20,"Safari Quill Laptop Backpack 26 Ltrs Water Resistant Fabric - Black, L (QUILL19CBBLK)",799,3.9,719
http://amazon.in/gp/bestsellers/luggage/ref=sr_bs_2_luggage_1,American Tourister 32 Ltrs Black Casual Backpack (AMT FIZZ SCH BAG 02 - BLACK),"1,199",4,"52,313"
http://amazon.in/Skybags-Brat-Black-Casual-Backpack/dp/B08Z1HHHTD/ref=ice_ac_b_dpb?crid=2M096C61O4MLT&keywords=bags&qid=1679429968&sprefix=ba%2Caps%2C283&sr=8-4,Skybags Brat Black 46 Cms Casual Backpack,659,4.1,"3,778"
http://amazon.in/gp/bestsellers/computers/1375464031/ref=sr_bs_4_1375464031_1,Wesley Milestone 2.0 Casual Waterproof Laptop Backpack/Office Bag/School Bag/College Bag/Business Bag/Travel Backpack (Dimensions:13x18 inches) (Compatible with 39.62cm(15.6inch laptop) 30 L (Blue & black),565,4.3,"9,817"
http://amazon.in/Lavie-Sport-Duffle-Luggage-Trolley/dp/B097RJ22Q3/ref=sr_1_6?crid=2M096C61O4MLT&keywords=bags&qid=1679429968&sprefix=ba%2Caps%2C283&sr=8-6,Lavie Sport Lino Large Size 63 cms Wheel Duffle Bag for Travel | Travel Bag with Trolley,949,3.9,"6,308"
http://amazon.in/ADISA-Laptop-Backpack-Office-College/dp/B09TPX22NF/ref=sr_1_7?crid=2M096C61O4MLT&keywords=bags&qid=1679429968&sprefix=ba%2Caps%2C283&sr=8-7,ADISA 15.6 inch Laptop Backpack Office Bag College Travel Back Pack 32 Ltrs (z-Navy Blue),499,3.8,567
http://amazon.in/Half-Moon-Waterproof-Backpack-Students/dp/B085MHDJ93/ref=sr_1_8?crid=2M096C61O4MLT&keywords=bags&qid=1679429968&sprefix=ba%2Caps%2C283&sr=8-8,"Half Moon 35L Water Resistant 15.6 inch Laptop Bag for Men/Backpack for Men, Navy Blue | Office Bag for Men/Office Bag for Women with Padded Laptop Compartment | Rain Cover & Reflective Strips",689,3.9,"15,254"
http://amazon.in/SAFARI-Ltrs-Casual-Backpack-DAYPACKNEO15CBSEB/dp/B07Q7CNPMV/ref=sr_1_9?crid=2M096C61O4MLT&keywords=bags&qid=1679429968&sprefix=ba%2Caps%2C283&sr=8-9,SAFARI 15 Ltrs Sea Blue Casual/School/College Backpack (DAYPACKNEO15CBSEB),299,4,"18,019"
http://amazon.in/GEAR-Black-Blue-Backpack-years/dp/B019HA8AYG/ref=sr_1_10?crid=2M096C61O4MLT&keywords=bags&qid=1679429968&sprefix=ba%2Caps%2C283&sr=8-10,Gear CarryOn 16L Foldable Water Resistant School Bag//Backpack/College Bag for Men/Women - Blue Black,214,3.7,"6,058"
http://amazon.in/Half-Moon-Spacious-Backpack-Compartment/dp/B0BLVQ9NTD/ref=sr_1_13?crid=2M096C61O4MLT&keywords=bags&qid=1679429968&sprefix=ba%2Caps%2C283&sr=8-13,Half Moon Strike 35L Unisex Spacious School/Laptop/College/Office Travel Backpack Bag for Men Women Boys & Girls with 15.6 inch Padded Laptop Compartment & Multiple Pockets,699,3.7,116
http://amazon.in/American-Tourister-BACKPACK-COMPARTMENT-ORGANIZER/dp/B0BTD4FK9G/ref=sr_1_14?crid=2M096C61O4MLT&keywords=bags&qid=1679429968&sprefix=ba%2Caps%2C283&sr=8-14,"American Tourister VALEX BLUE LAPTOP BACKPACK 28 Ltrs,Volume, LAPTOP COMPARTMENT, BOTTLE POCKET, FRONT ORGANIZER","1,299",4.1,8
http://amazon.in/Half-Moon-Backpack-Compartment-Reflective/dp/B0BJ32LQ6X/ref=sr_1_15?crid=2M096C61O4MLT&keywords=bags&qid=1679429968&sprefix=ba%2Caps%2C283&sr=8-15,Half Moon Large 37L Laptop Bag Backpack for menं Women Boys and Girls Luggage Travel Bags with 17.3 inches Laptop Compartment & Rain Cover,849,3.9,"2,343"
http://amazon.in/Number-Backpack-Compartment-Charging-Organizer/dp/B09VTCNN75/ref=sr_1_16?crid=2M096C61O4MLT&keywords=bags&qid=1679429968&sprefix=ba%2Caps%2C283&sr=8-16,"FUR JADEN Anti Theft Number Lock Backpack Bag with 15.6 Inch Laptop Compartment, USB Charging Port & Organizer Pocket for Men Women Boys Girls",689,3.9,"3,128"
http://amazon.in/Backpack-Small-Black-Water-Repellant/dp/B088XB5XY8/ref=sr_1_17?crid=2M096C61O4MLT&keywords=bags&qid=1679429968&sprefix=ba%2Caps%2C283&sr=8-17,"Mi Step Out 12 L Mini Backpack (Small Size, Black, Water Repellant)",398,4.1,"8,164"
http://amazon.in/Gear-Classic-Leather-Backpack-LBPCLSLTH0201/dp/B07G4F6XFH/ref=sr_1_18?crid=2M096C61O4MLT&keywords=bags&qid=1679429968&sprefix=ba%2Caps%2C283&sr=8-18,Gear Classic 20L Faux Leather Water Resistant Anti Theft Laptop Bag/Backpack for Men/Women-Brown,"1,075",4.4,"5,456"
http://amazon.in/Safari-Laptop-Backpack-Resistant-Fabric/dp/B09B25Z8M2/ref=sr_1_19?crid=2M096C61O4MLT&keywords=bags&qid=1679429968&sprefix=ba%2Caps%2C283&sr=8-19,"Safari Quill Laptop Backpack 26 Ltrs Water Resistant Fabric - Black, L (QUILL19CBBLK)",799,3.9,719
http://amazon.in/ADISA-BP005-Weight-Casual-Backpack/dp/B07F3X45WZ/ref=sr_1_20?crid=2M096C61O4MLT&keywords=bags&qid=1679429968&sprefix=ba%2Caps%2C283&sr=8-20,ADISA Light Weight Laptop Backpack 32 Ltrs,499,4,"5,651"
http://amazon.in/gp/bestsellers/luggage/ref=sr_bs_2_luggage_1,American Tourister 32 Ltrs Black Casual Backpack (AMT FIZZ SCH BAG 02 - BLACK),"1,199",4,"52,313"
http://amazon.in/Skybags-Brat-Black-Casual-Backpack/dp/B08Z1HHHTD/ref=ice_ac_b_dpb?crid=2M096C61O4MLT&keywords=bags&qid=1679429970&sprefix=ba%2Caps%2C283&sr=8-4,Skybags Brat Black 46 Cms Casual Backpack,659,4.1,"3,778"
http://amazon.in/gp/bestsellers/computers/1375464031/ref=sr_bs_4_1375464031_1,Wesley Milestone 2.0 Casual Waterproof Laptop Backpack/Office Bag/School Bag/College Bag/Business Bag/Travel Backpack (Dimensions:13x18 inches) (Compatible with 39.62cm(15.6inch laptop) 30 L (Blue & black),565,4.3,"9,817"
http://amazon.in/ADISA-Laptop-Backpack-Office-College/dp/B09TPX22NF/ref=sr_1_6?crid=2M096C61O4MLT&keywords=bags&qid=1679429970&sprefix=ba%2Caps%2C283&sr=8-6,ADISA 15.6 inch Laptop Backpack Office Bag College Travel Back Pack 32 Ltrs (z-Navy Blue),499,3.8,567
http://amazon.in/Lavie-Sport-Duffle-Luggage-Trolley/dp/B097RJ22Q3/ref=sr_1_7?crid=2M096C61O4MLT&keywords=bags&qid=1679429970&sprefix=ba%2Caps%2C283&sr=8-7,Lavie Sport Lino Large Size 63 cms Wheel Duffle Bag for Travel | Travel Bag with Trolley,949,3.9,"6,308"
http://amazon.in/Half-Moon-Waterproof-Backpack-Students/dp/B085MHDJ93/ref=sr_1_8?crid=2M096C61O4MLT&keywords=bags&qid=1679429970&sprefix=ba%2Caps%2C283&sr=8-8,"Half Moon 35L Water Resistant 15.6 inch Laptop Bag for Men/Backpack for Men, Navy Blue | Office Bag for Men/Office Bag for Women with Padded Laptop Compartment | Rain Cover & Reflective Strips",689,3.9,"15,254"
http://amazon.in/gp/bestsellers/kitchen/6802467031/ref=sr_bs_8_6802467031_1,"Amazon Brand - Presto! Oxo-Biodegradable Garbage Bags, Medium - 30 bags/roll (Pack of 6)",379,4.3,"30,133"
http://amazon.in/SAFARI-Ltrs-Casual-Backpack-DAYPACKNEO15CBSEB/dp/B07Q7CNPMV/ref=sr_1_10?crid=2M096C61O4MLT&keywords=bags&qid=1679429970&sprefix=ba%2Caps%2C283&sr=8-10,SAFARI 15 Ltrs Sea Blue Casual/School/College Backpack (DAYPACKNEO15CBSEB),299,4,"18,019"
http://amazon.in/GEAR-Black-Blue-Backpack-years/dp/B019HA8AYG/ref=sr_1_13?crid=2M096C61O4MLT&keywords=bags&qid=1679429970&sprefix=ba%2Caps%2C283&sr=8-13,Gear CarryOn 16L Foldable Water Resistant School Bag//Backpack/College Bag for Men/Women - Blue Black,214,3.7,"6,058"
http://amazon.in/American-Tourister-BACKPACK-COMPARTMENT-ORGANIZER/dp/B0BTD4FK9G/ref=sr_1_14?crid=2M096C61O4MLT&keywords=bags&qid=1679429970&sprefix=ba%2Caps%2C283&sr=8-14,"American Tourister VALEX BLUE LAPTOP BACKPACK 28 Ltrs,Volume, LAPTOP COMPARTMENT, BOTTLE POCKET, FRONT ORGANIZER","1,299",4.1,8
http://amazon.in/Half-Moon-Spacious-Backpack-Compartment/dp/B0BLVQ9NTD/ref=sr_1_15?crid=2M096C61O4MLT&keywords=bags&qid=1679429970&sprefix=ba%2Caps%2C283&sr=8-15,Half Moon Strike 35L Unisex Spacious School/Laptop/College/Office Travel Backpack Bag for Men Women Boys & Girls with 15.6 inch Padded Laptop Compartment & Multiple Pockets,699,3.7,116
http://amazon.in/Half-Moon-Backpack-Compartment-Reflective/dp/B0BJ32LQ6X/ref=sr_1_16?crid=2M096C61O4MLT&keywords=bags&qid=1679429970&sprefix=ba%2Caps%2C283&sr=8-16,Half Moon Large 37L Laptop Bag Backpack for menं Women Boys and Girls Luggage Travel Bags with 17.3 inches Laptop Compartment & Rain Cover,849,3.9,"2,343"
http://amazon.in/Number-Backpack-Compartment-Charging-Organizer/dp/B09VTCNN75/ref=sr_1_17?crid=2M096C61O4MLT&keywords=bags&qid=1679429970&sprefix=ba%2Caps%2C283&sr=8-17,"FUR JADEN Anti Theft Number Lock Backpack Bag with 15.6 Inch Laptop Compartment, USB Charging Port & Organizer Pocket for Men Women Boys Girls",689,3.9,"3,128"
http://amazon.in/Backpack-Small-Black-Water-Repellant/dp/B088XB5XY8/ref=sr_1_18?crid=2M096C61O4MLT&keywords=bags&qid=1679429970&sprefix=ba%2Caps%2C283&sr=8-18,"Mi Step Out 12 L Mini Backpack (Small Size, Black, Water Repellant)",398,4.1,"8,164"
http://amazon.in/Gear-Classic-Leather-Backpack-LBPCLSLTH0201/dp/B07G4F6XFH/ref=sr_1_19?crid=2M096C61O4MLT&keywords=bags&qid=1679429970&sprefix=ba%2Caps%2C283&sr=8-19,Gear Classic 20L Faux Leather Water Resistant Anti Theft Laptop Bag/Backpack for Men/Women-Brown,"1,075",4.4,"5,456"
http://amazon.in/Safari-Laptop-Backpack-Resistant-Fabric/dp/B09B25Z8M2/ref=sr_1_20?crid=2M096C61O4MLT&keywords=bags&qid=1679429970&sprefix=ba%2Caps%2C283&sr=8-20,"Safari Quill Laptop Backpack 26 Ltrs Water Resistant Fabric - Black, L (QUILL19CBBLK)",799,3.9,719
http://amazon.in/gp/bestsellers/luggage/ref=sr_bs_2_luggage_1,American Tourister 32 Ltrs Black Casual Backpack (AMT FIZZ SCH BAG 02 - BLACK),"1,199",4,"52,313"
http://amazon.in/Skybags-Brat-Black-Casual-Backpack/dp/B08Z1HHHTD/ref=ice_ac_b_dpb?crid=2M096C61O4MLT&keywords=bags&qid=1679429971&sprefix=ba%2Caps%2C283&sr=8-4,Skybags Brat Black 46 Cms Casual Backpack,659,4.1,"3,778"
http://amazon.in/gp/bestsellers/computers/1375464031/ref=sr_bs_4_1375464031_1,Wesley Milestone 2.0 Casual Waterproof Laptop Backpack/Office Bag/School Bag/College Bag/Business Bag/Travel Backpack (Dimensions:13x18 inches) (Compatible with 39.62cm(15.6inch laptop) 30 L (Blue & black),565,4.3,"9,817"
http://amazon.in/Lavie-Sport-Duffle-Luggage-Trolley/dp/B097RJ22Q3/ref=sr_1_6?crid=2M096C61O4MLT&keywords=bags&qid=1679429971&sprefix=ba%2Caps%2C283&sr=8-6,Lavie Sport Lino Large Size 63 cms Wheel Duffle Bag for Travel | Travel Bag with Trolley,949,3.9,"6,308"
http://amazon.in/ADISA-Laptop-Backpack-Office-College/dp/B09TPX22NF/ref=sr_1_7?crid=2M096C61O4MLT&keywords=bags&qid=1679429971&sprefix=ba%2Caps%2C283&sr=8-7,ADISA 15.6 inch Laptop Backpack Office Bag College Travel Back Pack 32 Ltrs (z-Navy Blue),499,3.8,567
http://amazon.in/Half-Moon-Waterproof-Backpack-Students/dp/B085MHDJ93/ref=sr_1_8?crid=2M096C61O4MLT&keywords=bags&qid=1679429971&sprefix=ba%2Caps%2C283&sr=8-8,"Half Moon 35L Water Resistant 15.6 inch Laptop Bag for Men/Backpack for Men, Navy Blue | Office Bag for Men/Office Bag for Women with Padded Laptop Compartment | Rain Cover & Reflective Strips",689,3.9,"15,254"
http://amazon.in/SAFARI-Ltrs-Casual-Backpack-DAYPACKNEO15CBSEB/dp/B07Q7CNPMV/ref=sr_1_9?crid=2M096C61O4MLT&keywords=bags&qid=1679429971&sprefix=ba%2Caps%2C283&sr=8-9,SAFARI 15 Ltrs Sea Blue Casual/School/College Backpack (DAYPACKNEO15CBSEB),299,4,"18,019"
http://amazon.in/GEAR-Black-Blue-Backpack-years/dp/B019HA8AYG/ref=sr_1_10?crid=2M096C61O4MLT&keywords=bags&qid=1679429971&sprefix=ba%2Caps%2C283&sr=8-10,Gear CarryOn 16L Foldable Water Resistant School Bag//Backpack/College Bag for Men/Women - Blue Black,214,3.7,"6,058"
http://amazon.in/Half-Moon-Spacious-Backpack-Compartment/dp/B0BLVQ9NTD/ref=sr_1_13?crid=2M096C61O4MLT&keywords=bags&qid=1679429971&sprefix=ba%2Caps%2C283&sr=8-13,Half Moon Strike 35L Unisex Spacious School/Laptop/College/Office Travel Backpack Bag for Men Women Boys & Girls with 15.6 inch Padded Laptop Compartment & Multiple Pockets,699,3.7,116
http://amazon.in/American-Tourister-BACKPACK-COMPARTMENT-ORGANIZER/dp/B0BTD4FK9G/ref=sr_1_14?crid=2M096C61O4MLT&keywords=bags&qid=1679429971&sprefix=ba%2Caps%2C283&sr=8-14,"American Tourister VALEX BLUE LAPTOP BACKPACK 28 Ltrs,Volume, LAPTOP COMPARTMENT, BOTTLE POCKET, FRONT ORGANIZER","1,299",4.1,8
http://amazon.in/Half-Moon-Backpack-Compartment-Reflective/dp/B0BJ32LQ6X/ref=sr_1_15?crid=2M096C61O4MLT&keywords=bags&qid=1679429971&sprefix=ba%2Caps%2C283&sr=8-15,Half Moon Large 37L Laptop Bag Backpack for menं Women Boys and Girls Luggage Travel Bags with 17.3 inches Laptop Compartment & Rain Cover,849,3.9,"2,343"
http://amazon.in/Number-Backpack-Compartment-Charging-Organizer/dp/B09VTCNN75/ref=sr_1_16?crid=2M096C61O4MLT&keywords=bags&qid=1679429971&sprefix=ba%2Caps%2C283&sr=8-16,"FUR JADEN Anti Theft Number Lock Backpack Bag with 15.6 Inch Laptop Compartment, USB Charging Port & Organizer Pocket for Men Women Boys Girls",689,3.9,"3,128"
http://amazon.in/Backpack-Small-Black-Water-Repellant/dp/B088XB5XY8/ref=sr_1_17?crid=2M096C61O4MLT&keywords=bags&qid=1679429971&sprefix=ba%2Caps%2C283&sr=8-17,"Mi Step Out 12 L Mini Backpack (Small Size, Black, Water Repellant)",398,4.1,"8,164"
http://amazon.in/Gear-Classic-Leather-Backpack-LBPCLSLTH0201/dp/B07G4F6XFH/ref=sr_1_18?crid=2M096C61O4MLT&keywords=bags&qid=1679429971&sprefix=ba%2Caps%2C283&sr=8-18,Gear Classic 20L Faux Leather Water Resistant Anti Theft Laptop Bag/Backpack for Men/Women-Brown,"1,075",4.4,"5,456"
http://amazon.in/Safari-Laptop-Backpack-Resistant-Fabric/dp/B09B25Z8M2/ref=sr_1_19?crid=2M096C61O4MLT&keywords=bags&qid=1679429971&sprefix=ba%2Caps%2C283&sr=8-19,"Safari Quill Laptop Backpack 26 Ltrs Water Resistant Fabric - Black, L (QUILL19CBBLK)",799,3.9,719
http://amazon.in/ADISA-BP005-Weight-Casual-Backpack/dp/B07F3X45WZ/ref=sr_1_20?crid=2M096C61O4MLT&keywords=bags&qid=1679429971&sprefix=ba%2Caps%2C283&sr=8-20,ADISA Light Weight Laptop Backpack 32 Ltrs,499,4,"5,651"
